<?xml version="1.0" encoding="UTF-8"?>
<manifest identifier="g8940c28e0a3afb0cea5bc2bf2560bb74" xmlns="http://www.imsglobal.org/xsd/imsccv1p1/imscp_v1p1" xmlns:lom="http://ltsc.ieee.org/xsd/imsccv1p1/LOM/resource" xmlns:imsmd="http://www.imsglobal.org/xsd/imsmd_v1p2" xmlns:xsi="http://www.w3.org/2001/XMLSchema-instance" xsi:schemaLocation="http://www.imsglobal.org/xsd/imsccv1p1/imscp_v1p1 http://www.imsglobal.org/xsd/imscp_v1p1.xsd http://ltsc.ieee.org/xsd/imsccv1p1/LOM/resource http://www.imsglobal.org/profile/cc/ccv1p1/LOM/ccv1p1_lomresource_v1p0.xsd http://www.imsglobal.org/xsd/imsmd_v1p2 http://www.imsglobal.org/xsd/imsmd_v1p2p2.xsd">
  <metadata>
    <schema>IMS Content</schema>
    <schemaversion>1.1.3</schemaversion>
    <imsmd:lom>
      <imsmd:general>
        <imsmd:title>
          <imsmd:string>QTI Quiz Export for course "NEUR27201-BEHAVIORAL NEUROSCIENCE LAB"</imsmd:string>
        </imsmd:title>
      </imsmd:general>
      <imsmd:lifeCycle>
        <imsmd:contribute>
          <imsmd:date>
            <imsmd:dateTime>2025-09-21</imsmd:dateTime>
          </imsmd:date>
        </imsmd:contribute>
      </imsmd:lifeCycle>
      <imsmd:rights>
        <imsmd:copyrightAndOtherRestrictions>
          <imsmd:value>yes</imsmd:value>
        </imsmd:copyrightAndOtherRestrictions>
        <imsmd:description>
          <imsmd:string>Private (Copyrighted) - http://en.wikipedia.org/wiki/Copyright</imsmd:string>
        </imsmd:description>
      </imsmd:rights>
    </imsmd:lom>
  </metadata>
  <organizations/>
  <resources>
    <resource identifier="gca9b2b0906ff61b06c8b4ca485624455" type="imsqti_xmlv1p2">
      <file href="gca9b2b0906ff61b06c8b4ca485624455/gca9b2b0906ff61b06c8b4ca485624455.xml"/>
      <dependency identifierref="g574d72549f5613487c6f6c109d310bd9"/>
    </resource>
    <resource identifier="g574d72549f5613487c6f6c109d310bd9" type="associatedcontent/imscc_xmlv1p1/learning-application-resource" href="gca9b2b0906ff61b06c8b4ca485624455/assessment_meta.xml">
      <file href="gca9b2b0906ff61b06c8b4ca485624455/assessment_meta.xml"/>
    </resource>
    <resource identifier="g04d57deca3644f6e192384257482e59b" type="imsqti_xmlv1p2">
      <file href="g04d57deca3644f6e192384257482e59b/g04d57deca3644f6e192384257482e59b.xml"/>
      <dependency identifierref="gbfda40e3abd7e2971122a3ed9d4eaf43"/>
    </resource>
    <resource identifier="gbfda40e3abd7e2971122a3ed9d4eaf43" type="associatedcontent/imscc_xmlv1p1/learning-application-resource" href="g04d57deca3644f6e192384257482e59b/assessment_meta.xml">
      <file href="g04d57deca3644f6e192384257482e59b/assessment_meta.xml"/>
    </resource>
    <resource identifier="gb500ac191e48987d1be83bccf4caad8f" type="webcontent" href="web_resources/Quiz Files/qti_import_5411973/image00168d006c8.gif">
      <file href="web_resources/Quiz Files/qti_import_5411973/image00168d006c8.gif"/>
    </resource>
    <resource identifier="g5e913db911de8b96bace56995b39dbc1" type="webcontent" href="web_resources/Quiz Files/qti_import_5411973/image00268d006c8.gif">
      <file href="web_resources/Quiz Files/qti_import_5411973/image00268d006c8.gif"/>
    </resource>
    <resource identifier="g257e5742c4786fa2525abf429f52b758" type="webcontent" href="web_resources/Quiz Files/qti_import_5411973/image00368d006c8.gif">
      <file href="web_resources/Quiz Files/qti_import_5411973/image00368d006c8.gif"/>
    </resource>
    <resource identifier="ga7615b1230400aa5b03b85e1acf9bc1a" type="webcontent" href="web_resources/Quiz Files/qti_import_5411973/image00468d006c8.gif">
      <file href="web_resources/Quiz Files/qti_import_5411973/image00468d006c8.gif"/>
    </resource>
    <resource identifier="g2fc12c0319f0ad29d387014d3a585a17" type="webcontent" href="web_resources/Quiz Files/qti_import_5411973/image00568d006c8.gif">
      <file href="web_resources/Quiz Files/qti_import_5411973/image00568d006c8.gif"/>
    </resource>
    <resource identifier="g38dfd9df40cd6beb30f43928fa46bfa9" type="webcontent" href="web_resources/Quiz Files/qti_import_5411973/image00668d006c8.gif">
      <file href="web_resources/Quiz Files/qti_import_5411973/image00668d006c8.gif"/>
    </resource>
    <resource identifier="gee225e6130f5c3d37c5ebbdc1c491051" type="webcontent" href="web_resources/Quiz Files/qti_import_5411973/image00768d006c8.gif">
      <file href="web_resources/Quiz Files/qti_import_5411973/image00768d006c8.gif"/>
    </resource>
    <resource identifier="g5eb43b4b8fcdf22fb4483efcc72a1c25" type="webcontent" href="web_resources/Quiz Files/qti_import_5411973/image00868d006c8.gif">
      <file href="web_resources/Quiz Files/qti_import_5411973/image00868d006c8.gif"/>
    </resource>
    <resource identifier="gf70eb3e7c937b22e74be66d4ab4d974d" type="webcontent" href="web_resources/Quiz Files/qti_import_5411973/image00968d006c8.gif">
      <file href="web_resources/Quiz Files/qti_import_5411973/image00968d006c8.gif"/>
    </resource>
    <resource identifier="g212cdf69d98afb5efb278bd537ec4c0c" type="webcontent" href="web_resources/Quiz Files/qti_import_5411973/image01068d006c8.gif">
      <file href="web_resources/Quiz Files/qti_import_5411973/image01068d006c8.gif"/>
    </resource>
    <resource identifier="g056729822cb75f81320ca82f659ebe41" type="webcontent" href="web_resources/Quiz Files/qti_import_5411973/image01168d006c8.gif">
      <file href="web_resources/Quiz Files/qti_import_5411973/image01168d006c8.gif"/>
    </resource>
    <resource identifier="gc067784634931e61de12d95b259ed668" type="webcontent" href="web_resources/Quiz Files/qti_import_5411973/image01268d006c8.gif">
      <file href="web_resources/Quiz Files/qti_import_5411973/image01268d006c8.gif"/>
    </resource>
    <resource identifier="gc65281d60ea6ae7984b735b0b0aacc59" type="webcontent" href="web_resources/Quiz Files/qti_import_5411973/image01368d006c8.gif">
      <file href="web_resources/Quiz Files/qti_import_5411973/image01368d006c8.gif"/>
    </resource>
    <resource identifier="g389c9c812529c7d01ebdcdea7283e43c" type="webcontent" href="web_resources/Quiz Files/qti_import_5411973/image01468d006c8.gif">
      <file href="web_resources/Quiz Files/qti_import_5411973/image01468d006c8.gif"/>
    </resource>
    <resource identifier="gb084d9eb389c6496c710cd677b591d49" type="webcontent" href="web_resources/Quiz Files/qti_import_5411973/image01568d006c8.gif">
      <file href="web_resources/Quiz Files/qti_import_5411973/image01568d006c8.gif"/>
    </resource>
    <resource identifier="g442c5d4fedbe465dc961757ed977bd91" type="webcontent" href="web_resources/Quiz Files/qti_import_5411973/image01668d006c8.gif">
      <file href="web_resources/Quiz Files/qti_import_5411973/image01668d006c8.gif"/>
    </resource>
    <resource identifier="g731df37b5ea1d4192f77076388d7f3a4" type="webcontent" href="web_resources/Quiz Files/qti_import_5411973/image01768d006c8.gif">
      <file href="web_resources/Quiz Files/qti_import_5411973/image01768d006c8.gif"/>
    </resource>
    <resource identifier="g40d3d1fa6c3c34a4b7969e50cc78e840" type="webcontent" href="web_resources/Quiz Files/qti_import_5411973/image01868d006c8.gif">
      <file href="web_resources/Quiz Files/qti_import_5411973/image01868d006c8.gif"/>
    </resource>
    <resource identifier="gc3809feae6f1cca1f5f254f74a07701e" type="webcontent" href="web_resources/Quiz Files/qti_import_5411973/image01968d006c8.gif">
      <file href="web_resources/Quiz Files/qti_import_5411973/image01968d006c8.gif"/>
    </resource>
    <resource identifier="g78528dd0f3baeea54408b627f109e26b" type="webcontent" href="web_resources/Quiz Files/qti_import_5411973/image02068d006c8.gif">
      <file href="web_resources/Quiz Files/qti_import_5411973/image02068d006c8.gif"/>
    </resource>
    <resource identifier="g82dee35fb0122d9a57d7d926cec50c40" type="webcontent" href="web_resources/Quiz Files/qti_import_5411973/image02168d006c8.gif">
      <file href="web_resources/Quiz Files/qti_import_5411973/image02168d006c8.gif"/>
    </resource>
    <resource identifier="g4a6c473bfbb7dca3fc2afbe0e04698a4" type="webcontent" href="web_resources/Quiz Files/qti_import_5411973/image02268d006c8.gif">
      <file href="web_resources/Quiz Files/qti_import_5411973/image02268d006c8.gif"/>
    </resource>
    <resource identifier="gf94abb59f16b8fba42b580f19919f7e6" type="webcontent" href="web_resources/Quiz Files/qti_import_5411973/image02368d006c8.gif">
      <file href="web_resources/Quiz Files/qti_import_5411973/image02368d006c8.gif"/>
    </resource>
    <resource identifier="g4f8e09cd3112c708b532f47a531abbd7" type="webcontent" href="web_resources/Quiz Files/qti_import_5411973/image02468d006c8.gif">
      <file href="web_resources/Quiz Files/qti_import_5411973/image02468d006c8.gif"/>
    </resource>
    <resource identifier="gb0945164f352cfc79b2d083f7628084f" type="webcontent" href="web_resources/Quiz Files/qti_import_5411973/image02568d006c8.gif">
      <file href="web_resources/Quiz Files/qti_import_5411973/image02568d006c8.gif"/>
    </resource>
    <resource identifier="ga6d14117d815db6b65ad0573bcf18b02" type="webcontent" href="web_resources/Quiz Files/qti_import_5411973/image02668d006c8.gif">
      <file href="web_resources/Quiz Files/qti_import_5411973/image02668d006c8.gif"/>
    </resource>
    <resource identifier="g11fabf1704d0eeaae807fb31d8f39e40" type="webcontent" href="web_resources/Quiz Files/qti_import_5411973/image02768d006c8.gif">
      <file href="web_resources/Quiz Files/qti_import_5411973/image02768d006c8.gif"/>
    </resource>
    <resource identifier="gb621bb91b8302986cab4c3f470eda16a" type="webcontent" href="web_resources/Quiz Files/qti_import_5411973/image02868d006c8.gif">
      <file href="web_resources/Quiz Files/qti_import_5411973/image02868d006c8.gif"/>
    </resource>
    <resource identifier="g385459f43b8c1e836e8c5c3c734a2ee2" type="webcontent" href="web_resources/Quiz Files/qti_import_5403659/image00168cc792a68cc792a.gif">
      <file href="web_resources/Quiz Files/qti_import_5403659/image00168cc792a68cc792a.gif"/>
    </resource>
    <resource identifier="gd0f4f35fb0294f503794cff1cbce508c" type="webcontent" href="web_resources/Quiz Files/qti_import_5403659/image00268cc792a.gif">
      <file href="web_resources/Quiz Files/qti_import_5403659/image00268cc792a.gif"/>
    </resource>
    <resource identifier="g4616a9823052f206aac99cf8d030fc70" type="webcontent" href="web_resources/Uploaded Media/image-925fd4cc-a5c2-4181-a1c7-480c05fae378.png">
      <file href="web_resources/Uploaded Media/image-925fd4cc-a5c2-4181-a1c7-480c05fae378.png"/>
    </resource>
    <resource identifier="gba288e39b43bef115f0b6f054851d2d6" type="webcontent" href="web_resources/Uploaded Media/image-21f9721b-e981-43b8-ad7e-e80ef7a8218d.png">
      <file href="web_resources/Uploaded Media/image-21f9721b-e981-43b8-ad7e-e80ef7a8218d.png"/>
    </resource>
    <resource identifier="g9ce9a7ae50e02ce20833685da30ca81b" type="webcontent" href="web_resources/Uploaded Media/image-760face4-371d-4ded-a4cf-6335849d97b6.png">
      <file href="web_resources/Uploaded Media/image-760face4-371d-4ded-a4cf-6335849d97b6.png"/>
    </resource>
    <resource identifier="g580913368af49ced4f90fb7796320701" type="webcontent" href="web_resources/Uploaded Media/image-ac928c1e-887c-4437-8af3-4f6772527f8c.png">
      <file href="web_resources/Uploaded Media/image-ac928c1e-887c-4437-8af3-4f6772527f8c.png"/>
    </resource>
    <resource identifier="ge1a7b913955788f1e315cea530aff72e" type="webcontent" href="web_resources/Quiz Files/qti_import_5403659/image00768cc792a.gif">
      <file href="web_resources/Quiz Files/qti_import_5403659/image00768cc792a.gif"/>
    </resource>
    <resource identifier="gf070d2ce81e4365ca6005aeeeac7de66" type="webcontent" href="web_resources/Quiz Files/qti_import_5403659/image00868cc792a.gif">
      <file href="web_resources/Quiz Files/qti_import_5403659/image00868cc792a.gif"/>
    </resource>
    <resource identifier="g71eac52972ea8f9f9d8da1e1519bd71d" type="webcontent" href="web_resources/Quiz Files/qti_import_5403659/image00968cc792a.gif">
      <file href="web_resources/Quiz Files/qti_import_5403659/image00968cc792a.gif"/>
    </resource>
    <resource identifier="g98bc21447221704a8b4c961c1f984615" type="webcontent" href="web_resources/Quiz Files/qti_import_5403659/image01068cc792a.gif">
      <file href="web_resources/Quiz Files/qti_import_5403659/image01068cc792a.gif"/>
    </resource>
    <resource identifier="g5c360dac7e971b55635a3b80a84193b1" type="webcontent" href="web_resources/Quiz Files/qti_import_5403659/image01168cc792a.gif">
      <file href="web_resources/Quiz Files/qti_import_5403659/image01168cc792a.gif"/>
    </resource>
    <resource identifier="gbbaf868b5a6a734970cb19ebde63f626" type="webcontent" href="web_resources/Quiz Files/qti_import_5403659/image01268cc792a.gif">
      <file href="web_resources/Quiz Files/qti_import_5403659/image01268cc792a.gif"/>
    </resource>
    <resource identifier="g1ab820cb031c89eca23427d5f5c6753a" type="webcontent" href="web_resources/Quiz Files/qti_import_5403659/image01368cc792a.gif">
      <file href="web_resources/Quiz Files/qti_import_5403659/image01368cc792a.gif"/>
    </resource>
    <resource identifier="g7bc4eb74da7184336f72fc0b0a69d691" type="webcontent" href="web_resources/Quiz Files/qti_import_5403659/image01468cc792a.gif">
      <file href="web_resources/Quiz Files/qti_import_5403659/image01468cc792a.gif"/>
    </resource>
    <resource identifier="g1c9ad3fee07096ed6f275f13a3ed7b08" type="webcontent" href="web_resources/Quiz Files/qti_import_5403659/image01568cc792a.gif">
      <file href="web_resources/Quiz Files/qti_import_5403659/image01568cc792a.gif"/>
    </resource>
    <resource identifier="gb7e1c1ca4e6549a9a8f77920ca497222" type="webcontent" href="web_resources/Quiz Files/qti_import_5403659/image01668cc792a.gif">
      <file href="web_resources/Quiz Files/qti_import_5403659/image01668cc792a.gif"/>
    </resource>
    <resource identifier="g0c7f05e9f89ffc4d2799c48deb09adc8" type="webcontent" href="web_resources/Quiz Files/qti_import_5403659/image01768cc792a.gif">
      <file href="web_resources/Quiz Files/qti_import_5403659/image01768cc792a.gif"/>
    </resource>
    <resource identifier="gec2cf714a253f787174b93ab4e785b56" type="webcontent" href="web_resources/Quiz Files/qti_import_5403659/image01868cc792a.gif">
      <file href="web_resources/Quiz Files/qti_import_5403659/image01868cc792a.gif"/>
    </resource>
    <resource identifier="g727dd4d3382e7ea3b9d9ba93a3deeac6" type="webcontent" href="web_resources/Quiz Files/qti_import_5403659/image01968cc792a.gif">
      <file href="web_resources/Quiz Files/qti_import_5403659/image01968cc792a.gif"/>
    </resource>
    <resource identifier="ge8a53aee8b26af0dddcd05950a88fab8" type="webcontent" href="web_resources/Quiz Files/qti_import_5403659/image02068cc792a.gif">
      <file href="web_resources/Quiz Files/qti_import_5403659/image02068cc792a.gif"/>
    </resource>
    <resource identifier="g795baa60700f13e014c44d138b54433c" type="webcontent" href="web_resources/Quiz Files/qti_import_5403659/image02168cc792a.gif">
      <file href="web_resources/Quiz Files/qti_import_5403659/image02168cc792a.gif"/>
    </resource>
    <resource identifier="g3e904d97e21152fa28d1deb0a42ffb48" type="webcontent" href="web_resources/Quiz Files/qti_import_5403659/image02268cc792a.gif">
      <file href="web_resources/Quiz Files/qti_import_5403659/image02268cc792a.gif"/>
    </resource>
    <resource identifier="gd34038724f74b0b04a6d30de301dd22f" type="webcontent" href="web_resources/Quiz Files/qti_import_5403659/image02368cc792a.gif">
      <file href="web_resources/Quiz Files/qti_import_5403659/image02368cc792a.gif"/>
    </resource>
    <resource identifier="g4209a9cdc1a117040b38d62124509eb6" type="webcontent" href="web_resources/Quiz Files/qti_import_5403659/image02468cc792a.gif">
      <file href="web_resources/Quiz Files/qti_import_5403659/image02468cc792a.gif"/>
    </resource>
    <resource identifier="g960ddaca34bf992459e25401a84a55be" type="webcontent" href="web_resources/Quiz Files/qti_import_5403659/image02568cc792a.gif">
      <file href="web_resources/Quiz Files/qti_import_5403659/image02568cc792a.gif"/>
    </resource>
    <resource identifier="g86ea10c820093bdfa1d4ad174bf5a626" type="webcontent" href="web_resources/Quiz Files/qti_import_5403659/image02668cc792a.gif">
      <file href="web_resources/Quiz Files/qti_import_5403659/image02668cc792a.gif"/>
    </resource>
    <resource identifier="ga2c05903ef4bf000bd21a13171ece986" type="webcontent" href="web_resources/Quiz Files/qti_import_5403659/image02768cc792a.gif">
      <file href="web_resources/Quiz Files/qti_import_5403659/image02768cc792a.gif"/>
    </resource>
    <resource identifier="g3cca03ccb8b9b52d5bb82c203dbc436b" type="webcontent" href="web_resources/Quiz Files/qti_import_5403659/image02868cc792a.gif">
      <file href="web_resources/Quiz Files/qti_import_5403659/image02868cc792a.gif"/>
    </resource>
    <resource identifier="g55059f85f181378dbd918baba8fb28dc" type="webcontent" href="web_resources/Quiz Files/qti_import_5403659/image02968cc792a.gif">
      <file href="web_resources/Quiz Files/qti_import_5403659/image02968cc792a.gif"/>
    </resource>
    <resource identifier="g3f10599b3fc6ad4efdd971d3187f1cf8" type="webcontent" href="web_resources/Quiz Files/qti_import_5403659/image03068cc792a.gif">
      <file href="web_resources/Quiz Files/qti_import_5403659/image03068cc792a.gif"/>
    </resource>
    <resource identifier="g1cfc75ffc9856c7ef03df4b6f27e91a1" type="webcontent" href="web_resources/Quiz Files/qti_import_5403659/image03168cc792a.gif">
      <file href="web_resources/Quiz Files/qti_import_5403659/image03168cc792a.gif"/>
    </resource>
    <resource identifier="gd10dc4dac4175be838229d258e22fe40" type="webcontent" href="web_resources/Quiz Files/qti_import_5403659/image03268cc792a.gif">
      <file href="web_resources/Quiz Files/qti_import_5403659/image03268cc792a.gif"/>
    </resource>
    <resource identifier="g24a3d558ef1af604a8886ab0282ae6ab" type="webcontent" href="web_resources/Quiz Files/qti_import_5403659/image03368cc792a.gif">
      <file href="web_resources/Quiz Files/qti_import_5403659/image03368cc792a.gif"/>
    </resource>
    <resource identifier="g0aca7cd6f87b9692548ea8442bfe3563" type="webcontent" href="web_resources/Quiz Files/qti_import_5403659/image03468cc792a.gif">
      <file href="web_resources/Quiz Files/qti_import_5403659/image03468cc792a.gif"/>
    </resource>
    <resource identifier="gfdffb77f1eeb9cc8283e322698f99d81" type="webcontent" href="web_resources/Quiz Files/qti_import_5403659/image03568cc792a.gif">
      <file href="web_resources/Quiz Files/qti_import_5403659/image03568cc792a.gif"/>
    </resource>
    <resource identifier="g82221b2d2253c7f302a2eeccfddd1ac5" type="webcontent" href="web_resources/Quiz Files/qti_import_5403659/image03668cc792a.gif">
      <file href="web_resources/Quiz Files/qti_import_5403659/image03668cc792a.gif"/>
    </resource>
    <resource identifier="g50b411b50c2156768ab237e75a000840" type="webcontent" href="web_resources/Quiz Files/qti_import_5403659/image03768cc792a.gif">
      <file href="web_resources/Quiz Files/qti_import_5403659/image03768cc792a.gif"/>
    </resource>
  </resources>
</manifest>
