<?xml version="1.0" encoding="UTF-8"?>
<questestinterop xmlns="http://www.imsglobal.org/xsd/ims_qtiasiv1p2" xmlns:xsi="http://www.w3.org/2001/XMLSchema-instance" xsi:schemaLocation="http://www.imsglobal.org/xsd/ims_qtiasiv1p2 http://www.imsglobal.org/xsd/ims_qtiasiv1p2p1.xsd">
  <assessment ident="gca9b2b0906ff61b06c8b4ca485624455" title="Defining Disease: Exploring Single-Cell Gene Expression Associated with Alzheimer’s Disease - LAB ACTIVITY">
    <qtimetadata>
      <qtimetadatafield>
        <fieldlabel>cc_maxattempts</fieldlabel>
        <fieldentry>1</fieldentry>
      </qtimetadatafield>
    </qtimetadata>
    <section ident="root_section">
      <item ident="g4a574535ffec605d5d6267aa2ba7d143" title="sead_lab_001">
        <itemmetadata>
          <qtimetadata>
            <qtimetadatafield>
              <fieldlabel>question_type</fieldlabel>
              <fieldentry>text_only_question</fieldentry>
            </qtimetadatafield>
            <qtimetadatafield>
              <fieldlabel>points_possible</fieldlabel>
              <fieldentry>0</fieldentry>
            </qtimetadatafield>
            <qtimetadatafield>
              <fieldlabel>original_answer_ids</fieldlabel>
              <fieldentry></fieldentry>
            </qtimetadatafield>
            <qtimetadatafield>
              <fieldlabel>passage</fieldlabel>
              <fieldentry>true</fieldentry>
            </qtimetadatafield>
            <qtimetadatafield>
              <fieldlabel>assessment_question_identifierref</fieldlabel>
              <fieldentry>g0a7699f42e67a5cf54c6654b87356d28</fieldentry>
            </qtimetadatafield>
          </qtimetadata>
        </itemmetadata>
        <presentation>
          <material>
            <mattext texttype="text/html">&lt;div&gt;&lt;p&gt;You’ve learned about the SEA-AD database, the basics of transcriptomic (gene expression) data, and how to navigate the Cell×Gene explorer. Now, it’s time to apply that knowledge to investigate molecular changes linked to Alzheimer’s disease.&lt;br&gt;&amp;nbsp;&lt;br&gt;&lt;strong&gt;Our research question is: What gene expression changes are associated with Alzheimer’s disease in the microglia of the middle temporal gyrus?&lt;/strong&gt;&lt;br&gt;&amp;nbsp;&lt;br&gt;That’s a pretty focused question—so where did it come from? Here’s the background:&lt;br&gt;●&amp;nbsp;&amp;nbsp;&amp;nbsp;&amp;nbsp;&amp;nbsp;&amp;nbsp; Microglia have been strongly implicated in the progression of Alzheimer’s disease (&lt;a href="https://www.sciencedirect.com/science/article/pii/S0092867417305780?via%3Dihub" target="_blank"&gt;&lt;span style="font-size: 12.0pt; line-height: 115%; font-family: 'Calibri',sans-serif; color: windowtext; background: yellow;"&gt;Keren-Shaul et al. 2017&lt;/span&gt;&lt;/a&gt;)&lt;br&gt;●&amp;nbsp;&amp;nbsp;&amp;nbsp;&amp;nbsp;&amp;nbsp;&amp;nbsp; The middle temporal gyrus (MTG) is a brain region key to memory processing and among the first areas to show AD-related dysfunction (&lt;a href="https://www.jneurosci.org/content/39/30/5966" target="_blank"&gt;&lt;span style="font-size: 12.0pt; line-height: 115%; font-family: 'Calibri',sans-serif; color: windowtext; background: yellow;"&gt;Papeo et. al 2019&lt;/span&gt;&lt;/a&gt; and &lt;a href="https://actaneurocomms.biomedcentral.com/articles/10.1186/s40478-022-01494-6" target="_blank"&gt;&lt;span style="font-size: 12.0pt; line-height: 115%; font-family: 'Calibri',sans-serif; color: windowtext; background: yellow;"&gt;Chen et al 2022)&lt;/span&gt;&lt;/a&gt;.&lt;br&gt;●&amp;nbsp;&amp;nbsp;&amp;nbsp;&amp;nbsp;&amp;nbsp;&amp;nbsp; The SEA-AD team’s own analysis (&lt;a href="https://www.nature.com/articles/s41593-024-01774-5" target="_blank"&gt;&lt;span style="font-size: 12.0pt; line-height: 115%; font-family: 'Calibri',sans-serif; color: windowtext;"&gt;Gabitto et al., 2024&lt;/span&gt;&lt;/a&gt;) found that microglia exhibit some of the most significant gene expression changes associated with AD. This gives us a chance to explore one of their major findings firsthand.&lt;br&gt;●&amp;nbsp;&amp;nbsp;&amp;nbsp;&amp;nbsp;&amp;nbsp;&amp;nbsp; By focusing only on microglia, we’ll load a smaller subset of the SEA-AD database – important because the site can be unstable or slow when handling the full dataset.&lt;br&gt;&lt;a name="_heading=h.1hevnumdix9k"&gt;&lt;/a&gt;&lt;br&gt;&lt;/p&gt;&lt;/div&gt;</mattext>
          </material>
        </presentation>
      </item>
      <item ident="g39a31683253ae5dd42de8854bf5cbdb1" title="sead_lab_002">
        <itemmetadata>
          <qtimetadata>
            <qtimetadatafield>
              <fieldlabel>question_type</fieldlabel>
              <fieldentry>multiple_choice_question</fieldentry>
            </qtimetadatafield>
            <qtimetadatafield>
              <fieldlabel>points_possible</fieldlabel>
              <fieldentry>0.0</fieldentry>
            </qtimetadatafield>
            <qtimetadatafield>
              <fieldlabel>original_answer_ids</fieldlabel>
              <fieldentry>58573,67778,22106,54270</fieldentry>
            </qtimetadatafield>
            <qtimetadatafield>
              <fieldlabel>assessment_question_identifierref</fieldlabel>
              <fieldentry>g6790003cacb3ac167141293e82e7d6c8</fieldentry>
            </qtimetadatafield>
          </qtimetadata>
        </itemmetadata>
        <presentation>
          <material>
            <mattext texttype="text/html">&lt;div&gt;&lt;p&gt;Before we begin, make some predictions about what we might find.&lt;br&gt;&amp;nbsp;&lt;br&gt;Our research question is: What gene expression changes are associated with Alzheimer’s disease in the microglia of the middle temporal gyrus?&lt;br&gt;&amp;nbsp;&lt;br&gt;&amp;nbsp;&lt;br&gt;&lt;span style="font-size: 14pt;"&gt;&lt;strong&gt;The human genome contains roughly 20,000 genes. How many of these do you think might be differentially regulated – that is, showing meaningful changes in expression – in cells affected by Alzheimer’s disease?&lt;/strong&gt;&lt;/span&gt;&lt;/p&gt;&lt;/div&gt;</mattext>
          </material>
          <response_lid ident="response1" rcardinality="Single">
            <render_choice>
              <response_label ident="58573">
                <material>
                  <mattext texttype="text/plain">One or two genes</mattext>
                </material>
              </response_label>
              <response_label ident="67778">
                <material>
                  <mattext texttype="text/plain">Tens to hundreds genes</mattext>
                </material>
              </response_label>
              <response_label ident="22106">
                <material>
                  <mattext texttype="text/plain">Thousands of genes</mattext>
                </material>
              </response_label>
              <response_label ident="54270">
                <material>
                  <mattext texttype="text/plain">Nearly all the genes</mattext>
                </material>
              </response_label>
            </render_choice>
          </response_lid>
        </presentation>
        <resprocessing>
          <outcomes>
            <decvar maxvalue="100" minvalue="0" varname="SCORE" vartype="Decimal"/>
          </outcomes>
          <respcondition continue="Yes">
            <conditionvar>
              <other/>
            </conditionvar>
            <displayfeedback feedbacktype="Response" linkrefid="general_fb"/>
          </respcondition>
          <respcondition continue="Yes">
            <conditionvar>
              <varequal respident="response1">54270</varequal>
            </conditionvar>
            <displayfeedback feedbacktype="Response" linkrefid="54270_fb"/>
          </respcondition>
          <respcondition continue="No">
            <conditionvar>
              <varequal respident="response1">54270</varequal>
            </conditionvar>
            <setvar action="Set" varname="SCORE">100</setvar>
          </respcondition>
        </resprocessing>
        <itemfeedback ident="general_fb">
          <flow_mat>
            <material>
              <mattext texttype="text/html">&lt;p&gt;No right answer here; this is just to record your predictions.&lt;/p&gt;</mattext>
            </material>
          </flow_mat>
        </itemfeedback>
        <itemfeedback ident="54270_fb">
          <flow_mat>
            <material>
              <mattext texttype="text/html">&lt;p&gt;&lt;br&gt;&amp;nbsp;&lt;/p&gt;</mattext>
            </material>
          </flow_mat>
        </itemfeedback>
      </item>
      <item ident="g24a6e95751d6f13e096d5bfed08b6d12" title="sead_lab_003">
        <itemmetadata>
          <qtimetadata>
            <qtimetadatafield>
              <fieldlabel>question_type</fieldlabel>
              <fieldentry>multiple_choice_question</fieldentry>
            </qtimetadatafield>
            <qtimetadatafield>
              <fieldlabel>points_possible</fieldlabel>
              <fieldentry>0.0</fieldentry>
            </qtimetadatafield>
            <qtimetadatafield>
              <fieldlabel>original_answer_ids</fieldlabel>
              <fieldentry>80667,3558</fieldentry>
            </qtimetadatafield>
            <qtimetadatafield>
              <fieldlabel>assessment_question_identifierref</fieldlabel>
              <fieldentry>g027d15a4796871c14f7181b163d9813a</fieldentry>
            </qtimetadatafield>
          </qtimetadata>
        </itemmetadata>
        <presentation>
          <material>
            <mattext texttype="text/html">&lt;div&gt;&lt;p&gt;Before we begin, make some predictions about what we might find.&lt;br&gt;&amp;nbsp;&lt;br&gt;Our research question is: What gene expression changes are associated with Alzheimer’s disease in the microglia of the middle temporal gyrus?&lt;br&gt;&amp;nbsp;&lt;br&gt;&lt;span style="font-size: 14pt;"&gt;&lt;strong&gt;When considering the impact of Alzheimer’s disease on gene expression, how would you describe the changes you expect to see?&lt;/strong&gt;&lt;/span&gt;&lt;/p&gt;&lt;/div&gt;</mattext>
          </material>
          <response_lid ident="response1" rcardinality="Single">
            <render_choice>
              <response_label ident="80667">
                <material>
                  <mattext texttype="text/plain">Qualitative differences – clear, distinct changes like the “on/off” pattern we saw with XIST expression.</mattext>
                </material>
              </response_label>
              <response_label ident="3558">
                <material>
                  <mattext texttype="text/html">More subtle changes – shifts in the &lt;i&gt;level&lt;/i&gt; of expression rather than outright presence or absence, meaning the differences are a matter of degree rather than kind.</mattext>
                </material>
              </response_label>
            </render_choice>
          </response_lid>
        </presentation>
        <resprocessing>
          <outcomes>
            <decvar maxvalue="100" minvalue="0" varname="SCORE" vartype="Decimal"/>
          </outcomes>
          <respcondition continue="Yes">
            <conditionvar>
              <other/>
            </conditionvar>
            <displayfeedback feedbacktype="Response" linkrefid="general_fb"/>
          </respcondition>
          <respcondition continue="Yes">
            <conditionvar>
              <varequal respident="response1">3558</varequal>
            </conditionvar>
            <displayfeedback feedbacktype="Response" linkrefid="3558_fb"/>
          </respcondition>
          <respcondition continue="No">
            <conditionvar>
              <varequal respident="response1">80667</varequal>
            </conditionvar>
            <setvar action="Set" varname="SCORE">100</setvar>
          </respcondition>
        </resprocessing>
        <itemfeedback ident="general_fb">
          <flow_mat>
            <material>
              <mattext texttype="text/html">&lt;p&gt;No right answer here; this is just to record your predictions.&lt;/p&gt;</mattext>
            </material>
          </flow_mat>
        </itemfeedback>
        <itemfeedback ident="3558_fb">
          <flow_mat>
            <material>
              <mattext texttype="text/html">&lt;p&gt;&lt;br&gt;&amp;nbsp;&lt;br&gt;&lt;br&gt;&lt;a name="_heading=h.byiz6f7zcizi"&gt;&lt;/a&gt;&lt;/p&gt;</mattext>
            </material>
          </flow_mat>
        </itemfeedback>
      </item>
      <item ident="g3aba5de91f625c28ee8b1b78d695518f" title="sead_lab_004">
        <itemmetadata>
          <qtimetadata>
            <qtimetadatafield>
              <fieldlabel>question_type</fieldlabel>
              <fieldentry>text_only_question</fieldentry>
            </qtimetadatafield>
            <qtimetadatafield>
              <fieldlabel>points_possible</fieldlabel>
              <fieldentry>0</fieldentry>
            </qtimetadatafield>
            <qtimetadatafield>
              <fieldlabel>original_answer_ids</fieldlabel>
              <fieldentry></fieldentry>
            </qtimetadatafield>
            <qtimetadatafield>
              <fieldlabel>passage</fieldlabel>
              <fieldentry>true</fieldentry>
            </qtimetadatafield>
            <qtimetadatafield>
              <fieldlabel>assessment_question_identifierref</fieldlabel>
              <fieldentry>gbcd26d01b1a9bca013056d1feb2fbe77</fieldentry>
            </qtimetadatafield>
          </qtimetadata>
        </itemmetadata>
        <presentation>
          <material>
            <mattext texttype="text/html">&lt;div&gt;&lt;p&gt;Before we begin, make some predictions about what we might find.&lt;br&gt;During this lab we’re going to ask you to explore a complex dataset, and as you explore we’ll ask you to take screen shots and make figures.&amp;nbsp;&lt;/p&gt;
&lt;p&gt;&lt;br&gt;&lt;span style="font-size: 14pt;"&gt;&lt;strong&gt;To keep a record of your work, start a single document where you can make figures (a Google Slide, a PowerPoint).&amp;nbsp; When prompted to make figures, add each figure into this document (1 figure per page).&amp;nbsp; Be sure to take notes or add captions to your figures so you know which figure is which.&amp;nbsp; You can then submit a single file with all your work at the end of the lab.&lt;/strong&gt;&lt;/span&gt;&lt;br&gt;&lt;br&gt;&lt;a name="_heading=h.qxcz9092wdpg"&gt;&lt;/a&gt;&lt;/p&gt;&lt;/div&gt;</mattext>
          </material>
        </presentation>
      </item>
      <item ident="g1cad1e1627f9fa34f74d96b8f2f08c64" title="sead_lab_005">
        <itemmetadata>
          <qtimetadata>
            <qtimetadatafield>
              <fieldlabel>question_type</fieldlabel>
              <fieldentry>multiple_choice_question</fieldentry>
            </qtimetadatafield>
            <qtimetadatafield>
              <fieldlabel>points_possible</fieldlabel>
              <fieldentry>0.25</fieldentry>
            </qtimetadatafield>
            <qtimetadatafield>
              <fieldlabel>original_answer_ids</fieldlabel>
              <fieldentry>10190,24533,78018</fieldentry>
            </qtimetadatafield>
            <qtimetadatafield>
              <fieldlabel>assessment_question_identifierref</fieldlabel>
              <fieldentry>g6bf85230a363e69927bb1b91f17c268b</fieldentry>
            </qtimetadatafield>
          </qtimetadata>
        </itemmetadata>
        <presentation>
          <material>
            <mattext texttype="text/html">&lt;div&gt;&lt;p&gt;We’re going to load the SEA-AD data again, but this time we’ll focus exclusively on the microglia from the Middle Temporal Gyrus (MTG).&lt;br&gt;Instead of selecting the top item on the list, scroll down near the bottom and find “Microglia-PVM-MTG: Seattle Alzheimer’s Disease Atlas (SEA-AD)”. Click Explore on that option.&lt;br&gt;&lt;a href="https://cellxgene.cziscience.com/collections/1ca90a2d-2943-483d-b678-b809bf464c30" target="_blank"&gt;&lt;span style="font-size: 12.0pt; line-height: 115%; font-family: 'Calibri',sans-serif; color: windowtext;"&gt;https://cellxgene.cziscience.com/collections/1ca90a2d-2943-483d-b678-b809bf464c30&lt;/span&gt;&lt;/a&gt;&lt;br&gt;&lt;a href="https://cellxgene.cziscience.com/collections/1ca90a2d-2943-483d-b678-b809bf464c30" target="_blank"&gt;&lt;/a&gt;&lt;br&gt;Make sure you select the microglia from the MTG – not the last dataset on the list, which is for the dorsolateral prefrontal cortex (DLPFC).&lt;br&gt;&amp;nbsp;&lt;br&gt;&lt;img src="$IMS-CC-FILEBASE$/Quiz%20Files/qti_import_5411973/image00168d006c8.gif" alt="" loading="lazy"&gt;&lt;br&gt;&amp;nbsp;&lt;br&gt;You should now be in the basic SEA-AD explorer, but zoomed in to show only the microglia from the Middle Temporal Gyrus (MTG). Your UMAP will look much simpler, displaying just the microglia cluster from the larger SEA-AD dataset. Your screen will probably look something like this:&lt;br&gt;&amp;nbsp;&lt;br&gt;&lt;img src="$IMS-CC-FILEBASE$/Quiz%20Files/qti_import_5411973/image00268d006c8.gif" alt="" width="748" height="386" loading="lazy"&gt;&lt;br&gt;&amp;nbsp;&lt;br&gt;&lt;strong&gt;&lt;/strong&gt;&lt;/p&gt;
&lt;p&gt;&lt;span style="font-size: 14pt;"&gt;&lt;strong&gt;How many individual cells are in this dataset?&lt;/strong&gt;&lt;/span&gt;&lt;/p&gt;&lt;/div&gt;</mattext>
          </material>
          <response_lid ident="response1" rcardinality="Single">
            <render_choice>
              <response_label ident="10190">
                <material>
                  <mattext texttype="text/plain">0 cells</mattext>
                </material>
              </response_label>
              <response_label ident="24533">
                <material>
                  <mattext texttype="text/plain">~40,000 cells</mattext>
                </material>
              </response_label>
              <response_label ident="78018">
                <material>
                  <mattext texttype="text/html">Impossible to tell&lt;br&gt;&amp;nbsp;</mattext>
                </material>
              </response_label>
            </render_choice>
          </response_lid>
        </presentation>
        <resprocessing>
          <outcomes>
            <decvar maxvalue="100" minvalue="0" varname="SCORE" vartype="Decimal"/>
          </outcomes>
          <respcondition continue="No">
            <conditionvar>
              <varequal respident="response1">24533</varequal>
            </conditionvar>
            <setvar action="Set" varname="SCORE">100</setvar>
          </respcondition>
        </resprocessing>
      </item>
      <item ident="ge7a1f4e4554ffbd663e886324875562d" title="sead_lab_006">
        <itemmetadata>
          <qtimetadata>
            <qtimetadatafield>
              <fieldlabel>question_type</fieldlabel>
              <fieldentry>multiple_choice_question</fieldentry>
            </qtimetadatafield>
            <qtimetadatafield>
              <fieldlabel>points_possible</fieldlabel>
              <fieldentry>0.25</fieldentry>
            </qtimetadatafield>
            <qtimetadatafield>
              <fieldlabel>original_answer_ids</fieldlabel>
              <fieldentry>53439,6633,26537</fieldentry>
            </qtimetadatafield>
            <qtimetadatafield>
              <fieldlabel>assessment_question_identifierref</fieldlabel>
              <fieldentry>gf3b200b441081f7e4259136f638a3fe3</fieldentry>
            </qtimetadatafield>
          </qtimetadata>
        </itemmetadata>
        <presentation>
          <material>
            <mattext texttype="text/html">&lt;div&gt;&lt;p&gt;&lt;span style="font-size: 14pt;"&gt;&lt;strong&gt;Think back to the pre-lab.&amp;nbsp; How many individual &lt;i&gt;donors&lt;/i&gt; are in this study?&lt;/strong&gt;&lt;/span&gt;&lt;/p&gt;&lt;/div&gt;</mattext>
          </material>
          <response_lid ident="response1" rcardinality="Single">
            <render_choice>
              <response_label ident="53439">
                <material>
                  <mattext texttype="text/plain">Just 1, all of these cells are from one human</mattext>
                </material>
              </response_label>
              <response_label ident="6633">
                <material>
                  <mattext texttype="text/plain">About 80 donors; each had many cells analyzed</mattext>
                </material>
              </response_label>
              <response_label ident="26537">
                <material>
                  <mattext texttype="text/html">About 40,000 - each donor had just 1 cell analyzed&lt;br&gt;&amp;nbsp;&amp;nbsp;&amp;nbsp;&amp;nbsp;&amp;nbsp;&amp;nbsp;&amp;nbsp;&amp;nbsp;&amp;nbsp;&amp;nbsp;&amp;nbsp;&amp;nbsp;&amp;nbsp; &lt;br&gt;&lt;br&gt;&lt;a name="_heading=h.ehkg1i4rr3p0"&gt;&lt;/a&gt;</mattext>
                </material>
              </response_label>
            </render_choice>
          </response_lid>
        </presentation>
        <resprocessing>
          <outcomes>
            <decvar maxvalue="100" minvalue="0" varname="SCORE" vartype="Decimal"/>
          </outcomes>
          <respcondition continue="No">
            <conditionvar>
              <varequal respident="response1">6633</varequal>
            </conditionvar>
            <setvar action="Set" varname="SCORE">100</setvar>
          </respcondition>
        </resprocessing>
      </item>
      <item ident="ga8ce1e4a8ca60ed211d3d4d9702e7da9" title="sead_lab_007">
        <itemmetadata>
          <qtimetadata>
            <qtimetadatafield>
              <fieldlabel>question_type</fieldlabel>
              <fieldentry>essay_question</fieldentry>
            </qtimetadatafield>
            <qtimetadatafield>
              <fieldlabel>points_possible</fieldlabel>
              <fieldentry>1.0</fieldentry>
            </qtimetadatafield>
            <qtimetadatafield>
              <fieldlabel>original_answer_ids</fieldlabel>
              <fieldentry></fieldentry>
            </qtimetadatafield>
            <qtimetadatafield>
              <fieldlabel>assessment_question_identifierref</fieldlabel>
              <fieldentry>g3c879037bc993fdddf5aae00d0813e75</fieldentry>
            </qtimetadatafield>
          </qtimetadata>
        </itemmetadata>
        <presentation>
          <material>
            <mattext texttype="text/html">&lt;div&gt;&lt;p&gt;Let’s start by looking for a difference in gene expression in a gene already known to be involved in Alzheimer’s Disease: APOE.&lt;br&gt;&amp;nbsp;&lt;/p&gt;
&lt;ol style="margin-top: 0in;" start="1" type="1"&gt;
&lt;li&gt;Enter APOE in the Quick Gene Search Textbox&lt;/li&gt;
&lt;/ol&gt;
&lt;p&gt;&lt;br&gt;&lt;img src="$IMS-CC-FILEBASE$/Quiz%20Files/qti_import_5411973/image00368d006c8.gif" alt="" width="657" height="196" loading="lazy"&gt;&lt;/p&gt;
&lt;ol style="margin-top: 0in;" start="2" type="1"&gt;
&lt;li&gt;Use the water-drop tool to color code the cells by APOE expression. Then, expand the APOE gene entry to view its overall expression histogram. Take a moment to interpret what this visualization tells you about APOE expression in microglia. What patterns or levels of expression do you notice?&lt;/li&gt;
&lt;/ol&gt;
&lt;p&gt;&lt;br&gt;&lt;img src="$IMS-CC-FILEBASE$/Quiz%20Files/qti_import_5411973/image00468d006c8.gif" alt="" width="570" height="313" loading="lazy"&gt;&lt;/p&gt;
&lt;ol style="margin-top: 0in;" start="3" type="1"&gt;
&lt;li&gt;Next, investigate whether APOE expression differs in microglia from Alzheimer’s donors compared to healthy donors. Expand the disease category to reveal histograms for each group. Do the histograms look noticeably different?&lt;/li&gt;
&lt;/ol&gt;
&lt;p&gt;&lt;br&gt;&lt;img src="$IMS-CC-FILEBASE$/Quiz%20Files/qti_import_5411973/image00568d006c8.gif" alt="" width="660" height="179" loading="lazy"&gt;&lt;/p&gt;
&lt;ol style="margin-top: 0in;" start="4" type="1"&gt;
&lt;li&gt;Use the check and uncheck buttons to toggle APOE expression visualization for each group individually. Each time you switch groups, be sure to move your mouse pointer back to the UMAP to avoid unintended highlighting of other cells.&lt;/li&gt;
&lt;/ol&gt;
&lt;p&gt;&lt;br&gt;&lt;span style="font-size: 14pt;"&gt;&lt;strong&gt;Based on what you see, do the expression patterns appear different between the two groups? Do these histograms seem very different to you?&amp;nbsp; Answer briefly in your own words.&lt;/strong&gt;&lt;/span&gt;&lt;/p&gt;&lt;/div&gt;</mattext>
          </material>
          <response_str ident="response1" rcardinality="Single">
            <render_fib>
              <response_label ident="answer1" rshuffle="No"/>
            </render_fib>
          </response_str>
        </presentation>
        <resprocessing>
          <outcomes>
            <decvar maxvalue="100" minvalue="0" varname="SCORE" vartype="Decimal"/>
          </outcomes>
          <respcondition continue="No">
            <conditionvar>
              <other/>
            </conditionvar>
          </respcondition>
        </resprocessing>
      </item>
      <item ident="gf19e3ab53504f9f2f6edb928f6c2fcea" title="sead_lab_008">
        <itemmetadata>
          <qtimetadata>
            <qtimetadatafield>
              <fieldlabel>question_type</fieldlabel>
              <fieldentry>text_only_question</fieldentry>
            </qtimetadatafield>
            <qtimetadatafield>
              <fieldlabel>points_possible</fieldlabel>
              <fieldentry>0</fieldentry>
            </qtimetadatafield>
            <qtimetadatafield>
              <fieldlabel>original_answer_ids</fieldlabel>
              <fieldentry></fieldentry>
            </qtimetadatafield>
            <qtimetadatafield>
              <fieldlabel>passage</fieldlabel>
              <fieldentry>true</fieldentry>
            </qtimetadatafield>
            <qtimetadatafield>
              <fieldlabel>assessment_question_identifierref</fieldlabel>
              <fieldentry>gac42ed8413d474789c31f5f756b831cf</fieldentry>
            </qtimetadatafield>
          </qtimetadata>
        </itemmetadata>
        <presentation>
          <material>
            <mattext texttype="text/html">&lt;div&gt;&lt;p&gt;&lt;span style="font-size: 14pt;"&gt;&lt;strong&gt;Create a figure comparing the two UMAPs of normal versus AD donors. The figure should look something like what you see below. This will be Figure 1 in the file you will eventually upload at the end of this lab.&lt;/strong&gt;&lt;/span&gt;&lt;/p&gt;&lt;/div&gt;</mattext>
          </material>
        </presentation>
      </item>
      <item ident="g19ffa532eec783079b537bea8ff4b865" title="sead_lab_009">
        <itemmetadata>
          <qtimetadata>
            <qtimetadatafield>
              <fieldlabel>question_type</fieldlabel>
              <fieldentry>multiple_choice_question</fieldentry>
            </qtimetadatafield>
            <qtimetadatafield>
              <fieldlabel>points_possible</fieldlabel>
              <fieldentry>0.25</fieldentry>
            </qtimetadatafield>
            <qtimetadatafield>
              <fieldlabel>original_answer_ids</fieldlabel>
              <fieldentry>75016,87465,63093</fieldentry>
            </qtimetadatafield>
            <qtimetadatafield>
              <fieldlabel>assessment_question_identifierref</fieldlabel>
              <fieldentry>g71d71ea817f7a888e80c11f60f8828d5</fieldentry>
            </qtimetadatafield>
          </qtimetadata>
        </itemmetadata>
        <presentation>
          <material>
            <mattext texttype="text/html">&lt;div&gt;&lt;p&gt;You should have ended up with a figure that looks something like this:&lt;br&gt;&lt;img src="$IMS-CC-FILEBASE$/Quiz%20Files/qti_import_5411973/image00668d006c8.gif" alt="" width="685" height="315" loading="lazy"&gt;&lt;/p&gt;
&lt;p&gt;&lt;br&gt;&lt;span style="font-size: 14pt;"&gt;&lt;strong&gt;Do the APOE gene expression UMAPs look very different between microglia from Alzheimer’s donors and healthy donors?&lt;/strong&gt;&lt;/span&gt;&lt;/p&gt;&lt;/div&gt;</mattext>
          </material>
          <response_lid ident="response1" rcardinality="Single">
            <render_choice>
              <response_label ident="75016">
                <material>
                  <mattext texttype="text/html">Yeah, microglia from AD donors have &lt;i&gt;way&lt;/i&gt;&lt;br&gt;&lt;i&gt;&lt;/i&gt;more APOE expression.</mattext>
                </material>
              </response_label>
              <response_label ident="87465">
                <material>
                  <mattext texttype="text/html">Yeah, microglia from AD donors have &lt;i&gt;way&lt;/i&gt;&lt;br&gt;&lt;i&gt;&lt;/i&gt;less APOE expression.</mattext>
                </material>
              </response_label>
              <response_label ident="63093">
                <material>
                  <mattext texttype="text/html">Uhhhh… I really don’t see that much of a difference!&lt;br&gt;@If you said you don’t see a huge difference, you’re right! While it would be great to download the raw data and run formal statistical tests, this difference doesn’t pass the “ocular test” – meaning it’s not an obvious change you can easily spot just by looking.</mattext>
                </material>
              </response_label>
            </render_choice>
          </response_lid>
        </presentation>
        <resprocessing>
          <outcomes>
            <decvar maxvalue="100" minvalue="0" varname="SCORE" vartype="Decimal"/>
          </outcomes>
          <respcondition continue="No">
            <conditionvar>
              <varequal respident="response1">63093</varequal>
            </conditionvar>
            <setvar action="Set" varname="SCORE">100</setvar>
          </respcondition>
        </resprocessing>
      </item>
      <item ident="gc67a5464211efa97cb06b5491e50f088" title="sead_lab_010">
        <itemmetadata>
          <qtimetadata>
            <qtimetadatafield>
              <fieldlabel>question_type</fieldlabel>
              <fieldentry>text_only_question</fieldentry>
            </qtimetadatafield>
            <qtimetadatafield>
              <fieldlabel>points_possible</fieldlabel>
              <fieldentry>0</fieldentry>
            </qtimetadatafield>
            <qtimetadatafield>
              <fieldlabel>original_answer_ids</fieldlabel>
              <fieldentry></fieldentry>
            </qtimetadatafield>
            <qtimetadatafield>
              <fieldlabel>passage</fieldlabel>
              <fieldentry>true</fieldentry>
            </qtimetadatafield>
            <qtimetadatafield>
              <fieldlabel>assessment_question_identifierref</fieldlabel>
              <fieldentry>g96a777ff1f9a319d486881bf1bf2dfc3</fieldentry>
            </qtimetadatafield>
          </qtimetadata>
        </itemmetadata>
        <presentation>
          <material>
            <mattext texttype="text/html">&lt;div&gt;&lt;p&gt;You made a figure comparing APOE expression in normal and AD donors.&amp;nbsp; &lt;br&gt;&lt;img src="$IMS-CC-FILEBASE$/Quiz%20Files/qti_import_5411973/image00768d006c8.gif" alt="" width="724" height="333" loading="lazy"&gt;&lt;br&gt;&amp;nbsp;&lt;br&gt;If you don’t see a huge difference here, you’re not alone – these look pretty darn similar!&amp;nbsp; While it would be great to download the raw data and run formal statistical tests, this difference doesn’t pass the “ocular test” – meaning it’s not an obvious change you can easily spot just by looking.&lt;br&gt;&amp;nbsp;&lt;br&gt;This is an intriguing finding, but there are *lots* of genes in the human genome… do we really need to comb through one gene at a time, making figure after figure after figure?&amp;nbsp; Click on and we will take this lab into high gear!&lt;br&gt;&lt;br&gt;&lt;a name="_heading=h.h98w8thonxuy"&gt;&lt;/a&gt;&lt;/p&gt;&lt;/div&gt;</mattext>
          </material>
        </presentation>
      </item>
      <item ident="g6be907eaa57ce6962f507ca3d0dbcbfe" title="sead_lab_011">
        <itemmetadata>
          <qtimetadata>
            <qtimetadatafield>
              <fieldlabel>question_type</fieldlabel>
              <fieldentry>text_only_question</fieldentry>
            </qtimetadatafield>
            <qtimetadatafield>
              <fieldlabel>points_possible</fieldlabel>
              <fieldentry>0</fieldentry>
            </qtimetadatafield>
            <qtimetadatafield>
              <fieldlabel>original_answer_ids</fieldlabel>
              <fieldentry></fieldentry>
            </qtimetadatafield>
            <qtimetadatafield>
              <fieldlabel>passage</fieldlabel>
              <fieldentry>true</fieldentry>
            </qtimetadatafield>
            <qtimetadatafield>
              <fieldlabel>assessment_question_identifierref</fieldlabel>
              <fieldentry>g87ce2916612378aeb39d73f4e2fd9129</fieldentry>
            </qtimetadatafield>
          </qtimetadata>
        </itemmetadata>
        <presentation>
          <material>
            <mattext texttype="text/html">&lt;div&gt;&lt;p&gt;We could keep exploring genes one by one to find those differentially expressed in microglia from AD donors, but with over 20,000 genes in the human genome, that would take ages! There has to be a better way.&lt;br&gt;Let’s leverage statistics and computing power to compare gene expression across &lt;i&gt;every&lt;/i&gt; gene – one at a time – and identify those with the most statistically reliable differences.&lt;br&gt;To do this, we first need to define two groups in the Cell×Gene explorer: (1) microglia from healthy donors and (2) microglia from donors with Alzheimer’s disease. Once these groups are set, the explorer will handle the heavy computational work of comparing &lt;i&gt;all&lt;/i&gt;&lt;br&gt;&lt;i&gt;&lt;/i&gt;genes between them.&lt;br&gt;Let’s get started!&amp;nbsp; - You’ll see that there are multiple steps on this screen.. be sure to follow along carefully and you can always reset and try again if you get lost.&lt;/p&gt;
&lt;ol style="margin-top: 0in;" start="1" type="1"&gt;
&lt;li&gt;Define the set of microglia from normal donors.&lt;/li&gt;
&lt;/ol&gt;
&lt;p&gt;&lt;br&gt;&amp;nbsp;&lt;br&gt;In the disease roll down, uncheck the dementia box and check the normal box so that only microglia from the normal donors are selected.&amp;nbsp; This should provide 20,124 cells.&lt;br&gt;&lt;img src="$IMS-CC-FILEBASE$/Quiz%20Files/qti_import_5411973/image00868d006c8.gif" alt="" loading="lazy"&gt;&lt;br&gt;&lt;img src="$IMS-CC-FILEBASE$/Quiz%20Files/qti_import_5411973/image00968d006c8.gif" alt="" loading="lazy"&gt;&lt;br&gt;&amp;nbsp;&lt;br&gt;Now, click the Population 1 button (the left “0 cells” button) – this tells the Cell×Gene explorer that this set of cells is the first set that you want to use to compare gene expression.&amp;nbsp; You’ll see that it tells you that you’ve selected 20,124 cells for this group.&lt;br&gt;&lt;img src="$IMS-CC-FILEBASE$/Quiz%20Files/qti_import_5411973/image01068d006c8.gif" alt="" width="627" height="164" loading="lazy"&gt;&lt;br&gt;&amp;nbsp;&lt;br&gt;&lt;img src="$IMS-CC-FILEBASE$/Quiz%20Files/qti_import_5411973/image01168d006c8.gif" alt="" width="626" height="143" loading="lazy"&gt;&lt;br&gt;&amp;nbsp;&lt;br&gt;&amp;nbsp;&lt;br&gt;&amp;nbsp;&lt;/p&gt;
&lt;ol style="margin-top: 0in;" start="2" type="1"&gt;
&lt;li&gt;Define the set of microglia from the AD donors&lt;/li&gt;
&lt;/ol&gt;
&lt;p&gt;&lt;br&gt;&amp;nbsp;&lt;br&gt;In the disease roll down, you’ll now check the dementia box (that’s the donors with Alzheimer’s) and uncheck the normal box.&amp;nbsp; You’ll now have 19,876 microglia selected.&lt;br&gt;&lt;img src="$IMS-CC-FILEBASE$/Quiz%20Files/qti_import_5411973/image01268d006c8.gif" alt="" width="532" height="132" loading="lazy"&gt;&lt;br&gt;&lt;img src="$IMS-CC-FILEBASE$/Quiz%20Files/qti_import_5411973/image01368d006c8.gif" alt="" width="407" height="145" loading="lazy"&gt;&lt;br&gt;&amp;nbsp;&lt;br&gt;&amp;nbsp;&lt;br&gt;Now click the Population 2 button (be careful not to re-click the Population 1 button).&amp;nbsp; This should lock in the 19,876 microglia from the Alzheimer’s donors for comparison, and it will make the comparison button turn blue. You can now ask the Cell×Gene explorer to compare gene expression across these two sets of microglia.&lt;br&gt;&amp;nbsp;&lt;br&gt;&lt;img src="$IMS-CC-FILEBASE$/Quiz%20Files/qti_import_5411973/image01468d006c8.gif" alt="" width="634" height="114" loading="lazy"&gt;&lt;br&gt;&lt;img src="$IMS-CC-FILEBASE$/Quiz%20Files/qti_import_5411973/image01568d006c8.gif" alt="" width="635" height="110" loading="lazy"&gt;&lt;br&gt;&amp;nbsp;&lt;br&gt;&amp;nbsp;&lt;br&gt;&amp;nbsp;&lt;br&gt;&amp;nbsp;&lt;/p&gt;
&lt;ol style="margin-top: 0in;" start="3" type="1"&gt;
&lt;li&gt;Conduct the differential gene expression analysis:&lt;/li&gt;
&lt;/ol&gt;
&lt;p&gt;&lt;br&gt;Click the blue Gene Expression Comparison button. The Cell×Gene explorer will process the data, which might take a moment. &lt;br&gt;Be aware – sometimes the tool crashes here, so you may need to restart if that happens.&lt;img src="$IMS-CC-FILEBASE$/Quiz%20Files/qti_import_5411973/image01668d006c8.gif" alt="" loading="lazy"&gt;&lt;img src="$IMS-CC-FILEBASE$/Quiz%20Files/qti_import_5411973/image01768d006c8.gif" alt="" loading="lazy"&gt;&lt;br&gt;If all goes well, you’ll see two gene lists appear on the right side:&lt;br&gt;Pop 1 high: Since Population 1 is the cells from healthy donors, this list shows genes with higher expression in normal microglia compared to Alzheimer’s microglia.&lt;br&gt;Pop 2 high: This list contains genes with higher expression in microglia from Alzheimer’s disease donors.&lt;br&gt;&amp;nbsp;&lt;/p&gt;
&lt;ol style="margin-top: 0in;" start="4" type="1"&gt;
&lt;li&gt;Rename our output to make it easier to understand&lt;/li&gt;
&lt;/ol&gt;
&lt;p&gt;&lt;br&gt;&amp;nbsp;&lt;br&gt;For the Pop 1 high list, click the three-dot menu (…) and select “Edit gene set name and description.” In the popup, rename it to “Lower in Alzheimer’s Microglia” &lt;br&gt;Remember, this list contains genes that are higher in microglia from healthy donors – but it’s often easier to think of them as being &lt;i&gt;lower&lt;/i&gt; in Alzheimer’s microglia.&lt;br&gt;&lt;img src="$IMS-CC-FILEBASE$/Quiz%20Files/qti_import_5411973/image01868d006c8.gif" alt="" width="605" height="242" loading="lazy"&gt;\&lt;br&gt;&amp;nbsp;&lt;br&gt;&lt;img src="$IMS-CC-FILEBASE$/Quiz%20Files/qti_import_5411973/image01968d006c8.gif" alt="" width="506" height="245" loading="lazy"&gt;&lt;br&gt;&amp;nbsp;&lt;br&gt;Now, rename the Pop 2 high list. Click the three-dot menu (…) for that list, select “Edit gene set name and description,” and in the popup, rename it to “Higher in Alzheimer’s Microglia” &lt;br&gt;&amp;nbsp;&lt;br&gt;&amp;nbsp;&lt;br&gt;&lt;img src="$IMS-CC-FILEBASE$/Quiz%20Files/qti_import_5411973/image02068d006c8.gif" alt="" width="519" height="223" loading="lazy"&gt;&lt;br&gt;&amp;nbsp;&lt;br&gt;&lt;img src="$IMS-CC-FILEBASE$/Quiz%20Files/qti_import_5411973/image02168d006c8.gif" alt="" width="524" height="248" loading="lazy"&gt;&lt;br&gt;&amp;nbsp;&lt;br&gt;You should now have something like this on your screen:&lt;br&gt;&amp;nbsp;&lt;br&gt;&lt;img src="$IMS-CC-FILEBASE$/Quiz%20Files/qti_import_5411973/image02268d006c8.gif" alt="" width="767" height="236" loading="lazy"&gt;&lt;/p&gt;&lt;/div&gt;</mattext>
          </material>
        </presentation>
      </item>
      <item ident="g43be21d5533456e2707ea0fc44be2f60" title="sead_lab_012">
        <itemmetadata>
          <qtimetadata>
            <qtimetadatafield>
              <fieldlabel>question_type</fieldlabel>
              <fieldentry>text_only_question</fieldentry>
            </qtimetadatafield>
            <qtimetadatafield>
              <fieldlabel>points_possible</fieldlabel>
              <fieldentry>0</fieldentry>
            </qtimetadatafield>
            <qtimetadatafield>
              <fieldlabel>original_answer_ids</fieldlabel>
              <fieldentry></fieldentry>
            </qtimetadatafield>
            <qtimetadatafield>
              <fieldlabel>passage</fieldlabel>
              <fieldentry>true</fieldentry>
            </qtimetadatafield>
            <qtimetadatafield>
              <fieldlabel>assessment_question_identifierref</fieldlabel>
              <fieldentry>g664c02c0ed2922f24b05e4e5acde2ed8</fieldentry>
            </qtimetadatafield>
          </qtimetadata>
        </itemmetadata>
        <presentation>
          <material>
            <mattext texttype="text/html">&lt;div&gt;&lt;p&gt;You have now completed several complex steps to help sort through *all* the expressed genes in this dataset to see which are most different between AD and Control donors.&amp;nbsp; You should now have something like this on your screen:&lt;br&gt;&amp;nbsp;&lt;br&gt;&lt;img src="$IMS-CC-FILEBASE$/Quiz%20Files/qti_import_5411973/image02368d006c8.gif" alt="" width="809" height="249" loading="lazy"&gt;&lt;br&gt;&amp;nbsp;&lt;br&gt;What, exactly, have you accomplished?&amp;nbsp; Let’s talk about Stats!&lt;br&gt;&amp;nbsp;&lt;br&gt;The Cell×Gene tool uses &lt;i&gt;Welch’s t-test&lt;/i&gt; to identify differentially expressed genes between groups of cells. A Welch’s t-test is a statistical test used to compare the means of two independent groups, particularly when the variances of the groups are unequal. It’s an alternative to the student’s t-test (which you may have heard of), which assumes equal variances. Welch’s t-test provides a more reliable comparison when the assumption is violated.&lt;br&gt;&amp;nbsp;&lt;br&gt;We call this extensive data-profiling a screen – it means we can rapidly check for lots of possibilities to “screen” for interesting genes.&amp;nbsp; This is a great way to discover new and unexpected things.&amp;nbsp; It’s also an “unbiased” technique because we test *every* gene, not just the ones we already think might be important.&amp;nbsp; The drawback, though, is that when we screen, we radically increase our risk of over-fitting – finding patterns that might have been true &lt;i&gt;in this sample &lt;/i&gt;but which might not really generalize to all Alzheimer’s patients.&amp;nbsp; In the full SEA-AD project, the authors took steps to avoid this issue (like checking other data sets and with other methods)&lt;br&gt;&amp;nbsp;&lt;br&gt;Thus, while a differential gene analysis is a great tool, it’s important to know that this method is useful for preliminary investigations and identifying potential markers. It’s recommended to follow up with more robust methods for formal analysis and most especially to test for the same patterns in independent samples to see if they hold up. While the Welch’s t-test is relatively fast and efficient, it may not be as accurate as other, more computationally intensive statistical tests when dealing with single-cell RNA sequencing data (e.g. &lt;a href="https://pubmed.ncbi.nlm.nih.gov/25605792/" target="_blank"&gt;&lt;span style="font-size: 12.0pt; line-height: 115%; font-family: 'Calibri',sans-serif; color: windowtext;"&gt;Ritchie et al., 2015&lt;/span&gt;&lt;/a&gt;).&lt;br&gt;&lt;br&gt;&lt;a name="_heading=h.brenq9ukui2i"&gt;&lt;/a&gt;&lt;/p&gt;&lt;/div&gt;</mattext>
          </material>
        </presentation>
      </item>
      <item ident="g1b00ee6186811dc90fe442a87e594255" title="sead_lab_013">
        <itemmetadata>
          <qtimetadata>
            <qtimetadatafield>
              <fieldlabel>question_type</fieldlabel>
              <fieldentry>text_only_question</fieldentry>
            </qtimetadatafield>
            <qtimetadatafield>
              <fieldlabel>points_possible</fieldlabel>
              <fieldentry>0</fieldentry>
            </qtimetadatafield>
            <qtimetadatafield>
              <fieldlabel>original_answer_ids</fieldlabel>
              <fieldentry></fieldentry>
            </qtimetadatafield>
            <qtimetadatafield>
              <fieldlabel>passage</fieldlabel>
              <fieldentry>true</fieldentry>
            </qtimetadatafield>
            <qtimetadatafield>
              <fieldlabel>assessment_question_identifierref</fieldlabel>
              <fieldentry>g98b5f6798958aa6414c03111c9a970e7</fieldentry>
            </qtimetadatafield>
          </qtimetadata>
        </itemmetadata>
        <presentation>
          <material>
            <mattext texttype="text/html">&lt;div&gt;&lt;p&gt;We’re now going to explore the most up-regulated gene, MT-ND3.&amp;nbsp; &lt;br&gt;&amp;nbsp;&lt;br&gt;Let’s start with the genes up-regulated in microglia from Alzheimer’s donors:&lt;br&gt;&amp;nbsp;&lt;br&gt;●&amp;nbsp;&amp;nbsp;&amp;nbsp;&amp;nbsp;&amp;nbsp;&amp;nbsp; Expand the “Higher in Alzheimer's Microglia” list&lt;br&gt;&amp;nbsp;&lt;br&gt;&lt;img src="$IMS-CC-FILEBASE$/Quiz%20Files/qti_import_5411973/image02468d006c8.gif" alt="" width="708" height="90" loading="lazy"&gt;&lt;br&gt;&amp;nbsp;&lt;br&gt;●&amp;nbsp;&amp;nbsp;&amp;nbsp;&amp;nbsp;&amp;nbsp;&amp;nbsp; The first gene listed is MT-ND3.&amp;nbsp; Use the eye-drop tool to color-code the UMAP for MT-ND3 expression.&amp;nbsp; Also, expand this gene to see its overall expression histogram.&lt;br&gt;●&amp;nbsp;&amp;nbsp;&amp;nbsp;&amp;nbsp;&amp;nbsp;&amp;nbsp; Explore the expression profile for MT-ND3.&amp;nbsp; Look at its overall expression histogram.&amp;nbsp; Think about it: What is this histogram telling you? Do all cells express this gene?&lt;br&gt;&lt;img src="$IMS-CC-FILEBASE$/Quiz%20Files/qti_import_5411973/image02568d006c8.gif" alt="" width="707" height="469" loading="lazy"&gt;&lt;br&gt;&amp;nbsp;&lt;br&gt;●&amp;nbsp;&amp;nbsp;&amp;nbsp;&amp;nbsp;&amp;nbsp;&amp;nbsp; Compare expression between microglia from normal and AD donors:&lt;br&gt;&amp;nbsp;&lt;br&gt;○&amp;nbsp;&amp;nbsp;&amp;nbsp;&amp;nbsp;&amp;nbsp;&amp;nbsp; Roll down the disease filter.&amp;nbsp; Compare the by-group histograms.&amp;nbsp; Think about it: Do they seem that different?&lt;img src="$IMS-CC-FILEBASE$/Quiz%20Files/qti_import_5411973/image02668d006c8.gif" alt="" width="715" height="134" loading="lazy"&gt;&lt;br&gt;○&amp;nbsp;&amp;nbsp;&amp;nbsp;&amp;nbsp;&amp;nbsp;&amp;nbsp; Isolate down to AD (dementia) or normal microglia, screen shot each, and line them up to compare. &lt;br&gt;○&amp;nbsp;&amp;nbsp;&amp;nbsp;&amp;nbsp;&amp;nbsp;&amp;nbsp; Be sure to label your images so you know which image comes from which group as you will be turning this in. &lt;br&gt;&lt;strong&gt;&amp;nbsp;&lt;/strong&gt;&lt;/p&gt;
&lt;p&gt;&lt;br&gt;&lt;span style="font-size: 14pt;"&gt;&lt;strong&gt;You should now have a nicely-labelled figure comparing expression of MT-ND3 between AD and normal donors.&amp;nbsp; This will be Figure 2 in the file you will upload at the end of this lab.&lt;/strong&gt;&lt;/span&gt;&lt;br&gt;&lt;strong&gt;&amp;nbsp;&lt;/strong&gt;&lt;strong&gt;&lt;br&gt;&lt;/strong&gt;&lt;br&gt;&lt;strong&gt;&amp;nbsp;&lt;/strong&gt;&lt;/p&gt;&lt;/div&gt;</mattext>
          </material>
        </presentation>
      </item>
      <item ident="ge4168612c00dab8f5132427bb3b8ddeb" title="sead_lab_014">
        <itemmetadata>
          <qtimetadata>
            <qtimetadatafield>
              <fieldlabel>question_type</fieldlabel>
              <fieldentry>essay_question</fieldentry>
            </qtimetadatafield>
            <qtimetadatafield>
              <fieldlabel>points_possible</fieldlabel>
              <fieldentry>3.0</fieldentry>
            </qtimetadatafield>
            <qtimetadatafield>
              <fieldlabel>original_answer_ids</fieldlabel>
              <fieldentry></fieldentry>
            </qtimetadatafield>
            <qtimetadatafield>
              <fieldlabel>assessment_question_identifierref</fieldlabel>
              <fieldentry>g2fd3b76b01a793a128297c31a29fcefa</fieldentry>
            </qtimetadatafield>
          </qtimetadata>
        </itemmetadata>
        <presentation>
          <material>
            <mattext texttype="text/html">&lt;div&gt;&lt;p&gt;You have just created a figure comparing MT-ND3 expression between normal and AD donors.&amp;nbsp; Your figure should look something like this:&lt;br&gt;&amp;nbsp;&lt;br&gt;&lt;img src="$IMS-CC-FILEBASE$/Quiz%20Files/qti_import_5411973/image02768d006c8.gif" alt="" width="767" height="345" loading="lazy"&gt;&lt;br&gt;&amp;nbsp;&lt;br&gt;Now, it’s time to *think* about what this figure tells us.&amp;nbsp; &lt;br&gt;●&amp;nbsp;&amp;nbsp;&amp;nbsp;&amp;nbsp;&amp;nbsp;&amp;nbsp; Can you see a clear difference?&amp;nbsp; Is it dramatic/qualitative or more a matter of degree/quantitative?&amp;nbsp; Are all AD microglia “abnormal” (different in expression compared to control) or only some?&lt;br&gt;●&amp;nbsp;&amp;nbsp;&amp;nbsp;&amp;nbsp;&amp;nbsp;&amp;nbsp; What does this gene do?&amp;nbsp; Use the (i) information button to find out more about it. Note: information is not always available for all genes. If no info is listed, look it up here: &lt;a href="https://www.ncbi.nlm.nih.gov/gene/" target="_blank"&gt;&lt;span style="font-size: 12.0pt; line-height: 115%; font-family: 'Calibri',sans-serif; color: windowtext;"&gt;https://www.ncbi.nlm.nih.gov/gene/&lt;/span&gt;&lt;/a&gt;&lt;a href="https://www.genecards.org/" target="_blank"&gt;&lt;/a&gt;&lt;br&gt;&lt;a href="https://www.ncbi.nlm.nih.gov/gene/" target="_blank"&gt;&lt;/a&gt;or here &lt;a href="https://www.genecards.org/" target="_blank"&gt;&lt;span style="font-size: 12.0pt; line-height: 115%; font-family: 'Calibri',sans-serif; color: windowtext;"&gt;https://www.genecards.org/&lt;/span&gt;&lt;/a&gt;&lt;br&gt;●&amp;nbsp;&amp;nbsp;&amp;nbsp;&amp;nbsp;&amp;nbsp;&amp;nbsp; What, exactly, do mitochondria do?&lt;br&gt;&amp;nbsp;&lt;br&gt;&lt;span style="font-size: 14pt;"&gt;&lt;strong&gt;Write, in your own words, about the difference in expression you are seeing for MT-ND3 based on your created Figure 1.&amp;nbsp; Would you call this a dramatic change in expression or a subtle change in expression?&amp;nbsp; Does it seem like most microglia have higher expression in AD or just some?&lt;/strong&gt;&lt;/span&gt;&lt;br&gt;&lt;br&gt;&lt;a name="_heading=h.au4t21ob5yn0"&gt;&lt;/a&gt;&lt;/p&gt;&lt;/div&gt;</mattext>
          </material>
          <response_str ident="response1" rcardinality="Single">
            <render_fib>
              <response_label ident="answer1" rshuffle="No"/>
            </render_fib>
          </response_str>
        </presentation>
        <resprocessing>
          <outcomes>
            <decvar maxvalue="100" minvalue="0" varname="SCORE" vartype="Decimal"/>
          </outcomes>
          <respcondition continue="No">
            <conditionvar>
              <other/>
            </conditionvar>
          </respcondition>
        </resprocessing>
      </item>
      <item ident="ge4bc54606f2332c21d4951701f5b747d" title="sead_lab_015">
        <itemmetadata>
          <qtimetadata>
            <qtimetadatafield>
              <fieldlabel>question_type</fieldlabel>
              <fieldentry>text_only_question</fieldentry>
            </qtimetadatafield>
            <qtimetadatafield>
              <fieldlabel>points_possible</fieldlabel>
              <fieldentry>0</fieldentry>
            </qtimetadatafield>
            <qtimetadatafield>
              <fieldlabel>original_answer_ids</fieldlabel>
              <fieldentry></fieldentry>
            </qtimetadatafield>
            <qtimetadatafield>
              <fieldlabel>passage</fieldlabel>
              <fieldentry>true</fieldentry>
            </qtimetadatafield>
            <qtimetadatafield>
              <fieldlabel>assessment_question_identifierref</fieldlabel>
              <fieldentry>gef599fe82b619c3c76cbae94d23897cc</fieldentry>
            </qtimetadatafield>
          </qtimetadata>
        </itemmetadata>
        <presentation>
          <material>
            <mattext texttype="text/html">&lt;div&gt;&lt;p&gt;Keep exploring the up-regulated list.&amp;nbsp; Go on to the 2nd most up-regulated (MT-ATP6) and create another figure comparing gene expression differences between normal and AD.&lt;br&gt;&amp;nbsp;&lt;br&gt;Be sure to label your images so you know which image comes from which group as you will be turning this in. &lt;br&gt;&amp;nbsp;&lt;br&gt;&lt;span style="font-size: 14pt;"&gt;&lt;strong&gt;This will be your 3&lt;sup&gt;rd&lt;/sup&gt; figure in the file you upload at the end of the lab: it will show the comparison of MT-ATP6 expression between AD and control donors&lt;/strong&gt;&lt;/span&gt;&lt;br&gt;&amp;nbsp;&lt;/p&gt;&lt;/div&gt;</mattext>
          </material>
        </presentation>
      </item>
      <item ident="g7bdb9c5bce88cb45e0f558b83fcac4b2" title="sead_lab_016">
        <itemmetadata>
          <qtimetadata>
            <qtimetadatafield>
              <fieldlabel>question_type</fieldlabel>
              <fieldentry>essay_question</fieldentry>
            </qtimetadatafield>
            <qtimetadatafield>
              <fieldlabel>points_possible</fieldlabel>
              <fieldentry>3.0</fieldentry>
            </qtimetadatafield>
            <qtimetadatafield>
              <fieldlabel>original_answer_ids</fieldlabel>
              <fieldentry></fieldentry>
            </qtimetadatafield>
            <qtimetadatafield>
              <fieldlabel>assessment_question_identifierref</fieldlabel>
              <fieldentry>g3d97e845ad40c288039e9155cf6cf446</fieldentry>
            </qtimetadatafield>
          </qtimetadata>
        </itemmetadata>
        <presentation>
          <material>
            <mattext texttype="text/html">&lt;div&gt;&lt;p&gt;Keep browsing through additional genes on the list, comparing normal to AD expression.&lt;br&gt;&amp;nbsp;&lt;br&gt;Think about it: &lt;br&gt;•&amp;nbsp;&amp;nbsp;&amp;nbsp;&amp;nbsp;&amp;nbsp;&amp;nbsp;&amp;nbsp; Do you notice some commonality in the functions of these genes? &lt;br&gt;•&amp;nbsp;&amp;nbsp;&amp;nbsp;&amp;nbsp;&amp;nbsp;&amp;nbsp;&amp;nbsp; What happens to the degree of difference as you work through the list?&amp;nbsp; &lt;br&gt;&lt;span style="font-family: Courier; font-size: small;"&gt;o&amp;nbsp;&amp;nbsp; &lt;/span&gt;Do the differences get more noticeable or less?&amp;nbsp; Why?&amp;nbsp; &lt;br&gt;•&amp;nbsp;&amp;nbsp;&amp;nbsp;&amp;nbsp;&amp;nbsp;&amp;nbsp;&amp;nbsp; How far down the list before you don’t really feel confident about a difference? &amp;nbsp;&lt;br&gt;&amp;nbsp;&lt;br&gt;&lt;span style="font-size: 14pt;"&gt;&lt;strong&gt;Based on your inspection of the list, write a short overall summary in your own words.&amp;nbsp; Try to express yourself clearly and succinctly (briefly) and without jargon. Your paragraph should help another reader understand:&lt;/strong&gt;&lt;/span&gt;&lt;br&gt;&lt;span style="font-size: 14pt;"&gt;●&amp;nbsp;&amp;nbsp;&amp;nbsp;&amp;nbsp;&amp;nbsp; &lt;strong&gt;What is the &lt;i&gt;association &lt;/i&gt;between AD and &lt;i&gt;increased &lt;/i&gt;gene expression in MTG microglia?&amp;nbsp; &lt;/strong&gt;&lt;/span&gt;&lt;br&gt;&lt;span style="font-size: 14pt;"&gt;●&amp;nbsp;&amp;nbsp;&amp;nbsp;&amp;nbsp;&amp;nbsp; &lt;strong&gt;Are there widespread differences or are they more subtle?&amp;nbsp; &lt;/strong&gt;&lt;/span&gt;&lt;br&gt;&lt;span style="font-size: 14pt;"&gt;●&amp;nbsp;&amp;nbsp;&amp;nbsp;&amp;nbsp;&amp;nbsp; &lt;strong&gt;Are there consistencies in the types of genes related to AD?&lt;/strong&gt;&lt;/span&gt;&lt;br&gt;&amp;nbsp;&lt;/p&gt;&lt;/div&gt;</mattext>
          </material>
          <response_str ident="response1" rcardinality="Single">
            <render_fib>
              <response_label ident="answer1" rshuffle="No"/>
            </render_fib>
          </response_str>
        </presentation>
        <resprocessing>
          <outcomes>
            <decvar maxvalue="100" minvalue="0" varname="SCORE" vartype="Decimal"/>
          </outcomes>
          <respcondition continue="No">
            <conditionvar>
              <other/>
            </conditionvar>
          </respcondition>
        </resprocessing>
      </item>
      <item ident="ge1f354c7dbf648a31d35e9315257fe27" title="sead_lab_017">
        <itemmetadata>
          <qtimetadata>
            <qtimetadatafield>
              <fieldlabel>question_type</fieldlabel>
              <fieldentry>text_only_question</fieldentry>
            </qtimetadatafield>
            <qtimetadatafield>
              <fieldlabel>points_possible</fieldlabel>
              <fieldentry>0</fieldentry>
            </qtimetadatafield>
            <qtimetadatafield>
              <fieldlabel>original_answer_ids</fieldlabel>
              <fieldentry></fieldentry>
            </qtimetadatafield>
            <qtimetadatafield>
              <fieldlabel>passage</fieldlabel>
              <fieldentry>true</fieldentry>
            </qtimetadatafield>
            <qtimetadatafield>
              <fieldlabel>assessment_question_identifierref</fieldlabel>
              <fieldentry>gd751c421899ef83b163c320fcef1b85e</fieldentry>
            </qtimetadatafield>
          </qtimetadata>
        </itemmetadata>
        <presentation>
          <material>
            <mattext texttype="text/html">&lt;div&gt;&lt;p&gt;&lt;strong&gt;So we will have it for later, write down the top 10 up-regulated genes.&amp;nbsp; This would work best in a spreadsheet (Excel or Google Sheets).&amp;nbsp; Be sure to label what your list is (up-regulated in AD donor microglia of the MTG).&lt;/strong&gt;&amp;nbsp; &lt;br&gt;&amp;nbsp;&lt;br&gt;&lt;i&gt;Note: The gene names are sometimes cut off in the Cell×Gene explorer, but if you hover over the name you’ll get the whole thing:&lt;/i&gt;&lt;br&gt;&lt;img src="$IMS-CC-FILEBASE$/Quiz%20Files/qti_import_5411973/image02868d006c8.gif" alt="" width="544" height="137" loading="lazy"&gt;&lt;br&gt;&lt;br&gt;&lt;a name="_heading=h.7i4p5wik4e8g"&gt;&lt;/a&gt;&lt;/p&gt;&lt;/div&gt;</mattext>
          </material>
        </presentation>
      </item>
      <item ident="g7664e1b3c9e95dac75c42050e08c1d75" title="sead_lab_018">
        <itemmetadata>
          <qtimetadata>
            <qtimetadatafield>
              <fieldlabel>question_type</fieldlabel>
              <fieldentry>text_only_question</fieldentry>
            </qtimetadatafield>
            <qtimetadatafield>
              <fieldlabel>points_possible</fieldlabel>
              <fieldentry>0</fieldentry>
            </qtimetadatafield>
            <qtimetadatafield>
              <fieldlabel>original_answer_ids</fieldlabel>
              <fieldentry></fieldentry>
            </qtimetadatafield>
            <qtimetadatafield>
              <fieldlabel>passage</fieldlabel>
              <fieldentry>true</fieldentry>
            </qtimetadatafield>
            <qtimetadatafield>
              <fieldlabel>assessment_question_identifierref</fieldlabel>
              <fieldentry>g37cd9273321356c6ba71fc93ded2e1df</fieldentry>
            </qtimetadatafield>
          </qtimetadata>
        </itemmetadata>
        <presentation>
          <material>
            <mattext texttype="text/html">&lt;div&gt;&lt;p&gt;Now explore the down-regulated genes:&lt;br&gt;●&amp;nbsp;&amp;nbsp;&amp;nbsp;&amp;nbsp;&amp;nbsp;&amp;nbsp; Browse through the list&lt;br&gt;●&amp;nbsp;&amp;nbsp;&amp;nbsp;&amp;nbsp;&amp;nbsp;&amp;nbsp; Make specific gene expression comparison figures (well labelled) for the top two down-regulated genes&lt;br&gt;●&amp;nbsp;&amp;nbsp;&amp;nbsp;&amp;nbsp;&amp;nbsp;&amp;nbsp; Work down the list to where you no longer feel very confident about the differences, though you don’t have to make figures past the first two genes&lt;br&gt;&amp;nbsp;&lt;br&gt;&lt;span style="font-size: 14pt;"&gt;&lt;strong&gt;Be sure to label your images so you know which image comes from which group. These will be Figures 4 and 5 in the file you are building.&amp;nbsp; &lt;/strong&gt;&lt;/span&gt;&lt;br&gt;&amp;nbsp;&lt;/p&gt;&lt;/div&gt;</mattext>
          </material>
        </presentation>
      </item>
      <item ident="g4a82dcfbd635a22206f349d7f2f586c6" title="sead_lab_019">
        <itemmetadata>
          <qtimetadata>
            <qtimetadatafield>
              <fieldlabel>question_type</fieldlabel>
              <fieldentry>essay_question</fieldentry>
            </qtimetadatafield>
            <qtimetadatafield>
              <fieldlabel>points_possible</fieldlabel>
              <fieldentry>3.0</fieldentry>
            </qtimetadatafield>
            <qtimetadatafield>
              <fieldlabel>original_answer_ids</fieldlabel>
              <fieldentry></fieldentry>
            </qtimetadatafield>
            <qtimetadatafield>
              <fieldlabel>assessment_question_identifierref</fieldlabel>
              <fieldentry>ga635e7fd544a3f689b925bbca6dc7ff8</fieldentry>
            </qtimetadatafield>
          </qtimetadata>
        </itemmetadata>
        <presentation>
          <material>
            <mattext texttype="text/html">&lt;div&gt;&lt;p&gt;Now explore the down-regulated genes:&lt;br&gt;&amp;nbsp;&lt;br&gt;&lt;span style="font-size: 14pt;"&gt;&lt;strong&gt;Write up a short paragraph summarizing your exploration of the down-regulated genes.&amp;nbsp; Try to express yourself clearly and succinctly (briefly) and without jargon. Your paragraph should help another reader understand:&lt;/strong&gt;&lt;/span&gt;&lt;br&gt;&lt;span style="font-size: 14pt;"&gt;●&amp;nbsp;&amp;nbsp;&amp;nbsp;&amp;nbsp;&amp;nbsp; &lt;strong&gt;What is the &lt;i&gt;association &lt;/i&gt;between AD and &lt;i&gt;decreased &lt;/i&gt;gene expression in MTG microglia?&amp;nbsp; &lt;/strong&gt;&lt;/span&gt;&lt;br&gt;&lt;span style="font-size: 14pt;"&gt;●&amp;nbsp;&amp;nbsp;&amp;nbsp;&amp;nbsp;&amp;nbsp; &lt;strong&gt;Are there widespread differences or are they more subtle?&amp;nbsp; &lt;/strong&gt;&lt;/span&gt;&lt;br&gt;&lt;span style="font-size: 14pt;"&gt;●&amp;nbsp;&amp;nbsp;&amp;nbsp;&amp;nbsp;&amp;nbsp; &lt;strong&gt;Are there consistencies in the types of genes related to AD?&lt;/strong&gt;&lt;/span&gt;&lt;br&gt;&lt;strong&gt;&amp;nbsp;&lt;/strong&gt;&lt;br&gt;&amp;nbsp;&lt;/p&gt;&lt;/div&gt;</mattext>
          </material>
          <response_str ident="response1" rcardinality="Single">
            <render_fib>
              <response_label ident="answer1" rshuffle="No"/>
            </render_fib>
          </response_str>
        </presentation>
        <resprocessing>
          <outcomes>
            <decvar maxvalue="100" minvalue="0" varname="SCORE" vartype="Decimal"/>
          </outcomes>
          <respcondition continue="No">
            <conditionvar>
              <other/>
            </conditionvar>
          </respcondition>
        </resprocessing>
      </item>
      <item ident="gd50785d02982e0895f8623ce172d7288" title="sead_lab_020">
        <itemmetadata>
          <qtimetadata>
            <qtimetadatafield>
              <fieldlabel>question_type</fieldlabel>
              <fieldentry>text_only_question</fieldentry>
            </qtimetadatafield>
            <qtimetadatafield>
              <fieldlabel>points_possible</fieldlabel>
              <fieldentry>0</fieldentry>
            </qtimetadatafield>
            <qtimetadatafield>
              <fieldlabel>original_answer_ids</fieldlabel>
              <fieldentry></fieldentry>
            </qtimetadatafield>
            <qtimetadatafield>
              <fieldlabel>passage</fieldlabel>
              <fieldentry>true</fieldentry>
            </qtimetadatafield>
            <qtimetadatafield>
              <fieldlabel>assessment_question_identifierref</fieldlabel>
              <fieldentry>g6cce4e0ff83066a853b5ad9997c6b2d0</fieldentry>
            </qtimetadatafield>
          </qtimetadata>
        </itemmetadata>
        <presentation>
          <material>
            <mattext texttype="text/html">&lt;div&gt;&lt;p&gt;&lt;span style="font-size: 14pt;"&gt;&lt;strong&gt;So we’ll have it for later, also write down the names of the top 10 down-regulated genes.&amp;nbsp; Write this down as an additional list in the spreadsheet where you wrote down the top 10 up-regulated genes.&lt;/strong&gt;&amp;nbsp; &lt;/span&gt;&lt;br&gt;&lt;span style="font-size: 14pt;"&gt;&amp;nbsp;&lt;/span&gt;&lt;br&gt;&lt;br&gt;&lt;a name="_heading=h.hr9pcy2uwwlv"&gt;&lt;/a&gt;&amp;nbsp;&lt;br&gt;&lt;a name="_heading=h.5mtytrk4mxre"&gt;&lt;/a&gt;&lt;/p&gt;&lt;/div&gt;</mattext>
          </material>
        </presentation>
      </item>
      <item ident="g867166917038411fb079a12929df8fbb" title="sead_lab_021">
        <itemmetadata>
          <qtimetadata>
            <qtimetadatafield>
              <fieldlabel>question_type</fieldlabel>
              <fieldentry>essay_question</fieldentry>
            </qtimetadatafield>
            <qtimetadatafield>
              <fieldlabel>points_possible</fieldlabel>
              <fieldentry>3.0</fieldentry>
            </qtimetadatafield>
            <qtimetadatafield>
              <fieldlabel>original_answer_ids</fieldlabel>
              <fieldentry></fieldentry>
            </qtimetadatafield>
            <qtimetadatafield>
              <fieldlabel>assessment_question_identifierref</fieldlabel>
              <fieldentry>gc3b5602c43651c728b0101af812966b1</fieldentry>
            </qtimetadatafield>
          </qtimetadata>
        </itemmetadata>
        <presentation>
          <material>
            <mattext texttype="text/html">&lt;div&gt;&lt;p&gt;This is a &lt;i&gt;correlational study&lt;/i&gt;&lt;i&gt;&lt;/i&gt;&lt;br&gt;&lt;i&gt;&lt;/i&gt;– donors were not &lt;i&gt;assigned &lt;/i&gt;to have AD (thank goodness!).&amp;nbsp; But that means we have to be especially worried about confounds – other ways in which these participants/cells might differ beyond AD status.&amp;nbsp; &lt;br&gt;&amp;nbsp;&lt;br&gt;For example, in the control group, there are 5 female and 4 male donors (55% female).&amp;nbsp; But in the AD group there are 46 female&amp;nbsp; and 29 male donors (61% female).&amp;nbsp; That means that the AD group is not really the same as the control group – females are &lt;i&gt;over-represented&lt;/i&gt;.&amp;nbsp; And &lt;i&gt;that &lt;/i&gt;means that what we &lt;i&gt;think &lt;/i&gt;is an AD difference might actually just be a sex difference.&amp;nbsp; Uh oh!&amp;nbsp; &lt;br&gt;We can check this worry – we can look at if our top genes that differ by AD seem to differ by sex as well.&lt;br&gt;&amp;nbsp;&lt;br&gt;Examine if expression of MT-ND3 differs in the microglia of control males and females:&lt;br&gt;○&amp;nbsp;&amp;nbsp;&amp;nbsp;&amp;nbsp;&amp;nbsp;&amp;nbsp; In the disease drop down, check normal only&lt;br&gt;○&amp;nbsp;&amp;nbsp;&amp;nbsp;&amp;nbsp;&amp;nbsp;&amp;nbsp; Color code by MT-ND3&lt;br&gt;○&amp;nbsp;&amp;nbsp;&amp;nbsp;&amp;nbsp;&amp;nbsp;&amp;nbsp; Then in the sex drop-down, check males only and then females only, again screen shotting each group on their own and making a figure for side-by-side comparison.&lt;br&gt;&amp;nbsp;&lt;br&gt;&lt;span style="font-size: 14pt;"&gt;&lt;strong&gt;Within these normal donors, does it look like females express more MT-ND3 in their microglia? Could this be a confound? Does this complicate our interpretation that MT-ND3 is increased in AD?&amp;nbsp; How?&amp;nbsp; &lt;/strong&gt;&lt;/span&gt;&lt;br&gt;&amp;nbsp;&lt;br&gt;By the way: The SEA-AD researchers were aware of this issue, and in the paper they published they took additional steps to try to control for the imbalance of genders -- science is hard!&lt;br&gt;&lt;br&gt;&lt;a name="_heading=h.okz9i0mdxo9o"&gt;&lt;/a&gt;&lt;/p&gt;&lt;/div&gt;</mattext>
          </material>
          <response_str ident="response1" rcardinality="Single">
            <render_fib>
              <response_label ident="answer1" rshuffle="No"/>
            </render_fib>
          </response_str>
        </presentation>
        <resprocessing>
          <outcomes>
            <decvar maxvalue="100" minvalue="0" varname="SCORE" vartype="Decimal"/>
          </outcomes>
          <respcondition continue="No">
            <conditionvar>
              <other/>
            </conditionvar>
          </respcondition>
        </resprocessing>
      </item>
      <item ident="g6e6e6f77cfbc0eea8fece36616cab92c" title="sead_lab_022">
        <itemmetadata>
          <qtimetadata>
            <qtimetadatafield>
              <fieldlabel>question_type</fieldlabel>
              <fieldentry>text_only_question</fieldentry>
            </qtimetadatafield>
            <qtimetadatafield>
              <fieldlabel>points_possible</fieldlabel>
              <fieldentry>0</fieldentry>
            </qtimetadatafield>
            <qtimetadatafield>
              <fieldlabel>original_answer_ids</fieldlabel>
              <fieldentry></fieldentry>
            </qtimetadatafield>
            <qtimetadatafield>
              <fieldlabel>passage</fieldlabel>
              <fieldentry>true</fieldentry>
            </qtimetadatafield>
            <qtimetadatafield>
              <fieldlabel>assessment_question_identifierref</fieldlabel>
              <fieldentry>g04da86d77603405bfc1c9dbb36f341e1</fieldentry>
            </qtimetadatafield>
          </qtimetadata>
        </itemmetadata>
        <presentation>
          <material>
            <mattext texttype="text/html">&lt;div&gt;&lt;p&gt;You’ve made it through an intense lab.&amp;nbsp; Well done!&lt;br&gt;&amp;nbsp;&lt;br&gt;On the next page, you’ll upload the figures you created.&amp;nbsp; For now, though, here are two reflection questions to ponder:&lt;br&gt;●&amp;nbsp;&amp;nbsp;&amp;nbsp;&amp;nbsp;&amp;nbsp;&amp;nbsp; We saw that the comparison of Alzheimer’s Disease and normal cells was &lt;i&gt;confounded &lt;/i&gt;by sex (the AD group had a lot higher proportion of females than the control group). Think about it: How do you think the original researchers of the SEA-AD project dealt with this issue?&lt;br&gt;●&amp;nbsp;&amp;nbsp;&amp;nbsp;&amp;nbsp;&amp;nbsp;&amp;nbsp; The SEA-AD project sequenced over 1.2 million cells.&amp;nbsp; But these came from only 84 individual donors.&amp;nbsp; What, really, is the sample size?&amp;nbsp; Normally when we have millions of data points we can feel pretty confident about results generalizing, but should we be more cautious here?&amp;nbsp; Why?&lt;/p&gt;&lt;/div&gt;</mattext>
          </material>
        </presentation>
      </item>
      <item ident="g7a963fc2d3a4b7343ea573ea92651df8" title="sead_lab_023">
        <itemmetadata>
          <qtimetadata>
            <qtimetadatafield>
              <fieldlabel>question_type</fieldlabel>
              <fieldentry>essay_question</fieldentry>
            </qtimetadatafield>
            <qtimetadatafield>
              <fieldlabel>points_possible</fieldlabel>
              <fieldentry>11.25</fieldentry>
            </qtimetadatafield>
            <qtimetadatafield>
              <fieldlabel>original_answer_ids</fieldlabel>
              <fieldentry></fieldentry>
            </qtimetadatafield>
            <qtimetadatafield>
              <fieldlabel>assessment_question_identifierref</fieldlabel>
              <fieldentry>g1f30c851583c576a170c18efecddd53d</fieldentry>
            </qtimetadatafield>
          </qtimetadata>
        </itemmetadata>
        <presentation>
          <material>
            <mattext texttype="text/html">&lt;div&gt;&lt;p&gt;Not it is time to turn in your work on this lab!&lt;br&gt;&amp;nbsp;&lt;br&gt;At this point you should have a single Powerpoint or Google Sheet that contains 5 figures:&lt;/p&gt;
&lt;ul style="margin-top: 0in;"&gt;
&lt;li&gt;&lt;strong&gt;&lt;span style="font-size: 14pt;"&gt;Figure 1: A figure comparing APOE expression in the microglia from normal and AD donors&lt;/span&gt;&lt;/strong&gt;&lt;/li&gt;
&lt;li&gt;&lt;strong&gt;&lt;span style="font-size: 14pt;"&gt;Figure 2: A figure comparing the top up-regulated gene (MT-ND3) between normal and AD donors&lt;/span&gt;&lt;/strong&gt;&lt;/li&gt;
&lt;li&gt;&lt;strong&gt;&lt;span style="font-size: 14pt;"&gt;Figure 3: A figure comparing the 2&lt;sup&gt;nd&lt;/sup&gt; most up-regulated gene (MT-ATP6) between normal and AD donors&lt;/span&gt;&lt;/strong&gt;&lt;/li&gt;
&lt;li&gt;&lt;strong&gt;&lt;span style="font-size: 14pt;"&gt;Figure 4: A figure comparing the top down-regulated gene (LINC02712) between normal and AD donors&lt;/span&gt;&lt;/strong&gt;&lt;/li&gt;
&lt;li&gt;&lt;strong&gt;&lt;span style="font-size: 14pt;"&gt;Figure 5: A figure comparing the 2&lt;sup&gt;nd&lt;/sup&gt; most down-regulated gene (3X3CR1) between normal and AD donors&lt;/span&gt;&lt;/strong&gt;&lt;/li&gt;
&lt;/ul&gt;
&lt;p&gt;&lt;br&gt;&amp;nbsp;&lt;br&gt;You’ve also produced and already entered 2 writeups: A short paragraph summarizing your analysis of the up-regulated genes and another summarizing your analysis of the down-regulated genes.&amp;nbsp; These were submitted as you completed the lab.&lt;/p&gt;&lt;/div&gt;</mattext>
          </material>
          <response_str ident="response1" rcardinality="Single">
            <render_fib>
              <response_label ident="answer1" rshuffle="No"/>
            </render_fib>
          </response_str>
        </presentation>
        <resprocessing>
          <outcomes>
            <decvar maxvalue="100" minvalue="0" varname="SCORE" vartype="Decimal"/>
          </outcomes>
          <respcondition continue="No">
            <conditionvar>
              <other/>
            </conditionvar>
          </respcondition>
        </resprocessing>
      </item>
    </section>
  </assessment>
</questestinterop>
