<?xml version="1.0" encoding="UTF-8"?>
<questestinterop xmlns="http://www.imsglobal.org/xsd/ims_qtiasiv1p2" xmlns:xsi="http://www.w3.org/2001/XMLSchema-instance" xsi:schemaLocation="http://www.imsglobal.org/xsd/ims_qtiasiv1p2 http://www.imsglobal.org/xsd/ims_qtiasiv1p2p1.xsd">
  <assessment ident="g04d57deca3644f6e192384257482e59b" title="Defining Disease: Exploring Single-Cell Gene Expression Associated with Alzheimer’s Disease - PRELAB">
    <qtimetadata>
      <qtimetadatafield>
        <fieldlabel>cc_maxattempts</fieldlabel>
        <fieldentry>1</fieldentry>
      </qtimetadatafield>
    </qtimetadata>
    <section ident="root_section">
      <item ident="gf33e89b46c33f2e74714c81086fbd4ea" title="sead_prelab_001">
        <itemmetadata>
          <qtimetadata>
            <qtimetadatafield>
              <fieldlabel>question_type</fieldlabel>
              <fieldentry>text_only_question</fieldentry>
            </qtimetadatafield>
            <qtimetadatafield>
              <fieldlabel>points_possible</fieldlabel>
              <fieldentry>0</fieldentry>
            </qtimetadatafield>
            <qtimetadatafield>
              <fieldlabel>original_answer_ids</fieldlabel>
              <fieldentry></fieldentry>
            </qtimetadatafield>
            <qtimetadatafield>
              <fieldlabel>passage</fieldlabel>
              <fieldentry>true</fieldentry>
            </qtimetadatafield>
            <qtimetadatafield>
              <fieldlabel>assessment_question_identifierref</fieldlabel>
              <fieldentry>g6708732627dec9d6e543ad357d3188e9</fieldentry>
            </qtimetadatafield>
          </qtimetadata>
        </itemmetadata>
        <presentation>
          <material>
            <mattext texttype="text/html">&lt;div&gt;&lt;p&gt;&lt;strong&gt;Introduction&lt;/strong&gt;&lt;br&gt;&amp;nbsp;&lt;br&gt;In many cases, neuroscientists have been able to fully-characterize disease states.&amp;nbsp; For example, we now know that some forms of dementia are actually Neurosyphilis, a disease caused by a CNS infection of the bacteria &lt;a href="https://en.wikipedia.org/wiki/Treponema_pallidum" target="_blank"&gt;&lt;i&gt;&lt;span style="font-size: 12.0pt; line-height: 115%; font-family: 'Calibri',sans-serif; color: windowtext;"&gt;Treponema pallidum&lt;/span&gt;&lt;/i&gt;&lt;/a&gt;.&amp;nbsp; Having this understanding of the &lt;i&gt;etiology&lt;/i&gt; (underlying cause) allows us to accurately identify a cause for a disease and to develop therapies for treatments.&amp;nbsp; &lt;br&gt;&amp;nbsp;&lt;br&gt;Unfortunately, many mental illnesses and neurological diseases remain mysterious – we can observe the symptoms but still don’t have a full understanding of the etiology.&amp;nbsp; This currently includes disorders like schizophrenia, bipolar disorder, and Alzheimer’s disease.&amp;nbsp; That is, while we can clearly see the impacts of these disorders, we can’t yet fully define what these diseases &lt;i&gt;are&lt;/i&gt;.&amp;nbsp; &lt;br&gt;&amp;nbsp;&lt;br&gt;One-way scientists are trying to define diseases is by identifying their “molecular signature” – perhaps we can understand Alzheimer’s if we can define what changes, at the molecular level, happen within individual cell types of the CNS as Alzheimer’s disease progresses.&amp;nbsp; One level of molecular change that has become relatively easy to characterize is &lt;i&gt;transcription&lt;/i&gt;&lt;i&gt;&lt;/i&gt;&lt;br&gt;&lt;i&gt;&lt;/i&gt;– we now have technologies that can measure the &lt;i&gt;expression level &lt;/i&gt;of thousands of genes in individual cells.&amp;nbsp; By assembling large libraries of cell expression levels in healthy and affected donors, we hope to finally be able to define what Alzheimer’s disease is.&lt;br&gt;&amp;nbsp;&lt;br&gt;This is tricky, though.&amp;nbsp; First, in humans we do not experimentally manipulate Alzheimer’s disease (we do not randomly assign some humans to have the disease), so our studies are correlational, and thus often plagued by &lt;i&gt;confounds &lt;/i&gt;that can create &lt;i&gt;alternative explanations&lt;/i&gt;.&amp;nbsp; Second, processing tissue from human donors is difficult – gene expression continues to change in the nervous system after a patient dies, and so there are complex technical and ethical issues to deal with to minimize the impact of mortality on measures of gene expression.&amp;nbsp; Another difficulty is that transcription is what we can easily measure – but Alzheimer’s disease might not be a problem of gene expression. It could ultimately be a change in post-transcriptional processing, protein conformation due to misfolding or post translational modification (i.e. phosphorylation), etc.&amp;nbsp; That is, just because we can measure transcription does not mean it will be informative for defining Alzheimer’s.&lt;br&gt;&amp;nbsp;&lt;br&gt;In this lab we are going to explore an incredible undertaking to understand Alzheimer’s that measures gene expression in single cells of human donors.&amp;nbsp; This project is called the Seattle Alzheimer’s Disease Brain Cell Atlas (SEA-AD for short).&amp;nbsp; The project was completed by a large consortium of researchers that includes the &lt;a href="https://portal.brain-map.org/explore/seattle-alzheimers-disease/whatis" target="_blank"&gt;&lt;span style="font-size: 12.0pt; line-height: 115%; font-family: 'Calibri',sans-serif; color: windowtext;"&gt;Allen Institute for Brain Science&lt;/span&gt;&lt;/a&gt;, &lt;a href="https://dlmp.uw.edu/research-labs/keene/BRaIN-lab" target="_blank"&gt;&lt;span style="font-size: 12.0pt; line-height: 115%; font-family: 'Calibri',sans-serif; color: windowtext; background: white;"&gt;University of Washington BioRepository and Integrated Neuropathology (BRaIN) laboratory and Precision Neuropathology Core&lt;/span&gt;&lt;/a&gt;, &lt;a href="https://depts.washington.edu/mbwc/adrc" target="_blank"&gt;&lt;span style="font-size: 12.0pt; line-height: 115%; font-family: 'Calibri',sans-serif; color: windowtext; background: white;"&gt;UW Alzheimer's Disease Research Center&lt;/span&gt;&lt;/a&gt;, and the &lt;a href="https://actagingresearch.org/" target="_blank"&gt;&lt;span style="font-size: 12.0pt; line-height: 115%; font-family: 'Calibri',sans-serif; color: windowtext; background: white;"&gt;Adult Changes in Thought Study&lt;/span&gt;&lt;/a&gt; as reported in &lt;i&gt;Nature Neuroscience &lt;/i&gt;(&lt;a href="https://www.nature.com/articles/s41593-024-01774-5" target="_blank"&gt;&lt;span style="color: windowtext;"&gt;Gabitto et al., 2024&lt;/span&gt;&lt;/a&gt;).&amp;nbsp; &lt;br&gt;&amp;nbsp;&lt;br&gt;The SEA-AD project has generated many terabytes of data measuring gene expression of over &lt;i&gt;2 million &lt;/i&gt;individual neurons in human donors.&amp;nbsp; All of the data for this project is available online, including a beautiful online atlas that lets anyone explore the dataset and ask their own research questions.&lt;br&gt;&amp;nbsp;&lt;br&gt;In this lab, you are going to learn how to explore the SEA-AD dataset, how to interpret complex gene expression data, and how to find and interpret gene expression differences correlated with Alzheimer’s disease state.&lt;br&gt;&amp;nbsp;&lt;br&gt;Looking at gene expression across all cells in the CNS would be too overwhelming for this lab - just take a look at the paper by &lt;a href="https://www.nature.com/articles/s41593-024-01774-5" target="_blank"&gt;&lt;span style="font-size: 12.0pt; line-height: 115%; font-family: 'Calibri',sans-serif; color: windowtext;"&gt;Gabitto et al., 2024&lt;/span&gt;&lt;/a&gt; to get a sense of how overwhelming.&amp;nbsp; &lt;br&gt;&amp;nbsp;&lt;br&gt;Instead, we are going to focus on microglia.&amp;nbsp; Microglia are the brain's resident immune cells, and are increasingly recognized for their significant role in Alzheimer's disease (AD) pathogenesis, both as contributors to neuroinflammation and potential therapeutic targets. While initially considered a consequence of AD pathology, recent research suggests that microglial reactivity can be an early, upstream event in the disease process &lt;a href="https://www.nature.com/articles/s41590-025-02203-w" target="_blank"&gt;&lt;span style="font-size: 12.0pt; line-height: 115%; font-family: 'Calibri',sans-serif; color: windowtext;"&gt;Mrdjen et al., 2025&lt;/span&gt;&lt;/a&gt;; &lt;a href="https://alz-journals.onlinelibrary.wiley.com/doi/10.1002/alz.70509?af=R" target="_blank"&gt;&lt;span style="font-size: 12.0pt; line-height: 115%; font-family: 'Calibri',sans-serif; color: windowtext;"&gt;Thapa et al., 2025&lt;/span&gt;&lt;/a&gt;). &lt;br&gt;&amp;nbsp;&lt;br&gt;&amp;nbsp;&lt;/p&gt;
&lt;h2&gt;&lt;a name="_heading=h.k8tfbdlzqkb"&gt;&lt;/a&gt;&amp;nbsp;&lt;/h2&gt;&lt;/div&gt;</mattext>
          </material>
        </presentation>
      </item>
      <item ident="g387048385edea18364737f6e297f9a43" title="sead_prelab_002">
        <itemmetadata>
          <qtimetadata>
            <qtimetadatafield>
              <fieldlabel>question_type</fieldlabel>
              <fieldentry>text_only_question</fieldentry>
            </qtimetadatafield>
            <qtimetadatafield>
              <fieldlabel>points_possible</fieldlabel>
              <fieldentry>0</fieldentry>
            </qtimetadatafield>
            <qtimetadatafield>
              <fieldlabel>original_answer_ids</fieldlabel>
              <fieldentry></fieldentry>
            </qtimetadatafield>
            <qtimetadatafield>
              <fieldlabel>passage</fieldlabel>
              <fieldentry>true</fieldentry>
            </qtimetadatafield>
            <qtimetadatafield>
              <fieldlabel>assessment_question_identifierref</fieldlabel>
              <fieldentry>gc9cc2f5ad1254abad4b5b04fea23ddc7</fieldentry>
            </qtimetadatafield>
          </qtimetadata>
        </itemmetadata>
        <presentation>
          <material>
            <mattext texttype="text/html">&lt;div&gt;&lt;p&gt;The goals of this pre-lab are to:&lt;br&gt;●&amp;nbsp;&amp;nbsp;&amp;nbsp;&amp;nbsp;&amp;nbsp;&amp;nbsp; Gain an understanding of the SEA-AD project.&lt;br&gt;●&amp;nbsp;&amp;nbsp;&amp;nbsp;&amp;nbsp;&amp;nbsp;&amp;nbsp; Build confidence in accessing the SEA-AD interface and exploring this vast dataset.&lt;/p&gt;
&lt;h2&gt;&lt;a name="_heading=h.h4mtliho529a"&gt;&lt;/a&gt;What is the SEA-AD project?&lt;/h2&gt;
&lt;p&gt;&lt;br&gt;First, let’s get to know a bit more about the SEA-AD project, which was reported by Gabitto et al. (2024) in this &lt;a href="https://www.nature.com/articles/s41593-024-01774-5#Sec2" target="_blank"&gt;&lt;i&gt;&lt;span style="font-size: 12.0pt; line-height: 115%; font-family: 'Calibri',sans-serif; color: windowtext;"&gt;Nature Neuroscience &lt;/span&gt;&lt;/i&gt;&lt;/a&gt;&lt;a href="https://www.nature.com/articles/s41593-024-01774-5#Sec2" target="_blank"&gt;&lt;span style="font-size: 12.0pt; line-height: 115%; font-family: 'Calibri',sans-serif; color: windowtext;"&gt;paper&lt;/span&gt;&lt;/a&gt;&lt;br&gt;&amp;nbsp;&lt;br&gt;We’re not going to read the whole paper, but let’s take a look at part of Figure 1 (Panel A), where they outline the project:&lt;br&gt;&amp;nbsp;&lt;br&gt;&lt;img src="$IMS-CC-FILEBASE$/Quiz%20Files/qti_import_5403659/image00168cc792a68cc792a.gif" alt="" data-api-endpoint="https://dominicanu.instructure.com/api/v1/courses/2467808/files/369668031" data-api-returntype="File" loading="lazy"&gt;&lt;br&gt;It might look complicated, but here’s the basic idea: collect brain tissue samples, sequence RNA from individual neurons to measure gene expression, use that transcriptional data to sort cells into different types (we’ll cover this in more detail later), and then analyze the data for gene expression differences related to Alzheimer’s disease&lt;br&gt;&amp;nbsp;&lt;br&gt;Now let’s take a look at the heroic donors who were studied for the SEA-AD project. This part of Figure 1 (Panel B) gives information about the donors based on levels of symptoms for AD: high, intermediate, low, or had no AD diagnosis (the healthy controls).&lt;br&gt;&lt;img src="$IMS-CC-FILEBASE$/Quiz%20Files/qti_import_5403659/image00268cc792a.gif" alt="" data-api-endpoint="https://dominicanu.instructure.com/api/v1/courses/2467808/files/369668033" data-api-returntype="File" loading="lazy"&gt;&lt;br&gt;&amp;nbsp;&lt;/p&gt;&lt;/div&gt;</mattext>
          </material>
        </presentation>
      </item>
      <item ident="geb119d07618c621f425eac8de1e34400" title="sead_prelab_003">
        <itemmetadata>
          <qtimetadata>
            <qtimetadatafield>
              <fieldlabel>question_type</fieldlabel>
              <fieldentry>multiple_choice_question</fieldentry>
            </qtimetadatafield>
            <qtimetadatafield>
              <fieldlabel>points_possible</fieldlabel>
              <fieldentry>0.25</fieldentry>
            </qtimetadatafield>
            <qtimetadatafield>
              <fieldlabel>original_answer_ids</fieldlabel>
              <fieldentry>24249,30251,75330,14805</fieldentry>
            </qtimetadatafield>
            <qtimetadatafield>
              <fieldlabel>assessment_question_identifierref</fieldlabel>
              <fieldentry>g4ca3b7ec9e9145c01b3e74a005c8b688</fieldentry>
            </qtimetadatafield>
          </qtimetadata>
        </itemmetadata>
        <presentation>
          <material>
            <mattext texttype="text/html">&lt;div&gt;&lt;p&gt;&lt;img src="$IMS-CC-FILEBASE$/Uploaded%20Media/image-925fd4cc-a5c2-4181-a1c7-480c05fae378.png" alt="image.png" data-api-endpoint="https://dominicanu.instructure.com/api/v1/courses/2467808/files/369668471" data-api-returntype="File" loading="lazy"&gt;&lt;/p&gt;
&lt;p&gt;&lt;br&gt;&lt;br&gt;&lt;span style="font-size: 14pt;"&gt;&lt;strong&gt;In the boxplot of ages by group above, the line in the middle of each box represents the median age. Using that median as the “typical” value, what is the typical age of donors with high levels of Alzheimer’s?&lt;/strong&gt;&lt;/span&gt;&lt;/p&gt;&lt;/div&gt;</mattext>
          </material>
          <response_lid ident="response1" rcardinality="Single">
            <render_choice>
              <response_label ident="24249">
                <material>
                  <mattext texttype="text/plain">About 70 years old</mattext>
                </material>
              </response_label>
              <response_label ident="30251">
                <material>
                  <mattext texttype="text/plain">About 80 years old</mattext>
                </material>
              </response_label>
              <response_label ident="75330">
                <material>
                  <mattext texttype="text/plain">About 90 years old</mattext>
                </material>
              </response_label>
              <response_label ident="14805">
                <material>
                  <mattext texttype="text/html">&lt;p&gt;About 100 years old&lt;/p&gt;</mattext>
                </material>
              </response_label>
            </render_choice>
          </response_lid>
        </presentation>
        <resprocessing>
          <outcomes>
            <decvar maxvalue="100" minvalue="0" varname="SCORE" vartype="Decimal"/>
          </outcomes>
          <respcondition continue="No">
            <conditionvar>
              <varequal respident="response1">75330</varequal>
            </conditionvar>
            <setvar action="Set" varname="SCORE">100</setvar>
          </respcondition>
        </resprocessing>
      </item>
      <item ident="g6d5cbd979e96abef0f2add952fea678f" title="sead_prelab_004">
        <itemmetadata>
          <qtimetadata>
            <qtimetadatafield>
              <fieldlabel>question_type</fieldlabel>
              <fieldentry>multiple_choice_question</fieldentry>
            </qtimetadatafield>
            <qtimetadatafield>
              <fieldlabel>points_possible</fieldlabel>
              <fieldentry>0.25</fieldentry>
            </qtimetadatafield>
            <qtimetadatafield>
              <fieldlabel>original_answer_ids</fieldlabel>
              <fieldentry>78497,68630,37908,36294</fieldentry>
            </qtimetadatafield>
            <qtimetadatafield>
              <fieldlabel>assessment_question_identifierref</fieldlabel>
              <fieldentry>g6b62c4e2e76e84b9a8fe6711d151d364</fieldentry>
            </qtimetadatafield>
          </qtimetadata>
        </itemmetadata>
        <presentation>
          <material>
            <mattext texttype="text/html">&lt;div&gt;&lt;p&gt;&lt;img src="$IMS-CC-FILEBASE$/Uploaded%20Media/image-21f9721b-e981-43b8-ad7e-e80ef7a8218d.png" alt="image.png" data-api-endpoint="https://dominicanu.instructure.com/api/v1/courses/2467808/files/369668451" data-api-returntype="File" loading="lazy"&gt;&lt;/p&gt;
&lt;p&gt;&amp;nbsp;&lt;/p&gt;
&lt;p&gt;&lt;br&gt;&lt;span style="font-size: 14pt;"&gt;&lt;strong&gt;What is the typical age of the donors with no AD?&lt;/strong&gt;&lt;/span&gt;&lt;/p&gt;&lt;/div&gt;</mattext>
          </material>
          <response_lid ident="response1" rcardinality="Single">
            <render_choice>
              <response_label ident="78497">
                <material>
                  <mattext texttype="text/plain">About 70 years old</mattext>
                </material>
              </response_label>
              <response_label ident="68630">
                <material>
                  <mattext texttype="text/plain">About 80 years old</mattext>
                </material>
              </response_label>
              <response_label ident="37908">
                <material>
                  <mattext texttype="text/plain">About 90 years old</mattext>
                </material>
              </response_label>
              <response_label ident="36294">
                <material>
                  <mattext texttype="text/html">About 100 years old&lt;br&gt;&amp;nbsp;&lt;br&gt;&amp;nbsp;</mattext>
                </material>
              </response_label>
            </render_choice>
          </response_lid>
        </presentation>
        <resprocessing>
          <outcomes>
            <decvar maxvalue="100" minvalue="0" varname="SCORE" vartype="Decimal"/>
          </outcomes>
          <respcondition continue="No">
            <conditionvar>
              <varequal respident="response1">37908</varequal>
            </conditionvar>
            <setvar action="Set" varname="SCORE">100</setvar>
          </respcondition>
        </resprocessing>
      </item>
      <item ident="g6bd6981cb8e7191a5b84a22f4ab3d8be" title="sead_prelab_005">
        <itemmetadata>
          <qtimetadata>
            <qtimetadatafield>
              <fieldlabel>question_type</fieldlabel>
              <fieldentry>multiple_choice_question</fieldentry>
            </qtimetadatafield>
            <qtimetadatafield>
              <fieldlabel>points_possible</fieldlabel>
              <fieldentry>0.25</fieldentry>
            </qtimetadatafield>
            <qtimetadatafield>
              <fieldlabel>original_answer_ids</fieldlabel>
              <fieldentry>2777,56929,95340,25832</fieldentry>
            </qtimetadatafield>
            <qtimetadatafield>
              <fieldlabel>assessment_question_identifierref</fieldlabel>
              <fieldentry>g1ffa11ed4f98ddc3473a4e868390736c</fieldentry>
            </qtimetadatafield>
          </qtimetadata>
        </itemmetadata>
        <presentation>
          <material>
            <mattext texttype="text/html">&lt;div&gt;&lt;p&gt;&lt;span style="font-size: 14pt;"&gt;&lt;strong&gt;Why is it important that the researchers found healthy donors of about the same age as those with high levels of Alzheimer’s disease symptoms?&lt;/strong&gt;&lt;/span&gt;&lt;/p&gt;&lt;/div&gt;</mattext>
          </material>
          <response_lid ident="response1" rcardinality="Single">
            <render_choice>
              <response_label ident="2777">
                <material>
                  <mattext texttype="text/plain">Because if the ages were very different, it wouldn’t be possible to know if differences in gene expression were due to Alzheimer’s or to normal aging.</mattext>
                </material>
              </response_label>
              <response_label ident="56929">
                <material>
                  <mattext texttype="text/plain">Because if the ages were very different, there could be generational differences that would make it difficult to know if the gene changes observed were really due to Alzheimer’s.</mattext>
                </material>
              </response_label>
              <response_label ident="95340">
                <material>
                  <mattext texttype="text/plain">Because if the ages were very different, there could be other age-related factors influencing the results.</mattext>
                </material>
              </response_label>
              <response_label ident="25832">
                <material>
                  <mattext texttype="text/html">&lt;p&gt;All of these!&lt;/p&gt;</mattext>
                </material>
              </response_label>
            </render_choice>
          </response_lid>
        </presentation>
        <resprocessing>
          <outcomes>
            <decvar maxvalue="100" minvalue="0" varname="SCORE" vartype="Decimal"/>
          </outcomes>
          <respcondition continue="No">
            <conditionvar>
              <varequal respident="response1">25832</varequal>
            </conditionvar>
            <setvar action="Set" varname="SCORE">100</setvar>
          </respcondition>
        </resprocessing>
      </item>
      <item ident="g7ffbdf4b34f9a908b65afca490615333" title="sead_prelab_006">
        <itemmetadata>
          <qtimetadata>
            <qtimetadatafield>
              <fieldlabel>question_type</fieldlabel>
              <fieldentry>multiple_choice_question</fieldentry>
            </qtimetadatafield>
            <qtimetadatafield>
              <fieldlabel>points_possible</fieldlabel>
              <fieldentry>0.25</fieldentry>
            </qtimetadatafield>
            <qtimetadatafield>
              <fieldlabel>original_answer_ids</fieldlabel>
              <fieldentry>45109,2367,88232</fieldentry>
            </qtimetadatafield>
            <qtimetadatafield>
              <fieldlabel>assessment_question_identifierref</fieldlabel>
              <fieldentry>g662eb32c5e59030cfd486c9cd1c8c5ee</fieldentry>
            </qtimetadatafield>
          </qtimetadata>
        </itemmetadata>
        <presentation>
          <material>
            <mattext texttype="text/html">&lt;div&gt;&lt;table cellspacing="0" cellpadding="0"&gt;
&lt;tbody&gt;
&lt;tr&gt;
&lt;td width="70"&gt;&lt;/td&gt;
&lt;/tr&gt;
&lt;tr&gt;
&lt;td&gt;&lt;/td&gt;
&lt;td&gt;&lt;/td&gt;
&lt;/tr&gt;
&lt;/tbody&gt;
&lt;/table&gt;
&lt;p&gt;&lt;img src="$IMS-CC-FILEBASE$/Uploaded%20Media/image-760face4-371d-4ded-a4cf-6335849d97b6.png" alt="image.png" data-api-endpoint="https://dominicanu.instructure.com/api/v1/courses/2467808/files/369668519" data-api-returntype="File" loading="lazy"&gt;&lt;/p&gt;
&lt;p&gt;&lt;br&gt;&lt;br&gt;&lt;span style="font-size: 14pt;"&gt;&lt;strong&gt;Overall, were there more female or more male donors in this study?&lt;/strong&gt;&lt;/span&gt;&lt;/p&gt;&lt;/div&gt;</mattext>
          </material>
          <response_lid ident="response1" rcardinality="Single">
            <render_choice>
              <response_label ident="45109">
                <material>
                  <mattext texttype="text/plain">More female donors</mattext>
                </material>
              </response_label>
              <response_label ident="2367">
                <material>
                  <mattext texttype="text/plain">More male donors</mattext>
                </material>
              </response_label>
              <response_label ident="88232">
                <material>
                  <mattext texttype="text/html">&lt;p&gt;The exact same&lt;/p&gt;</mattext>
                </material>
              </response_label>
            </render_choice>
          </response_lid>
        </presentation>
        <resprocessing>
          <outcomes>
            <decvar maxvalue="100" minvalue="0" varname="SCORE" vartype="Decimal"/>
          </outcomes>
          <respcondition continue="No">
            <conditionvar>
              <varequal respident="response1">45109</varequal>
            </conditionvar>
            <setvar action="Set" varname="SCORE">100</setvar>
          </respcondition>
        </resprocessing>
      </item>
      <item ident="gf846aa2788ded263f4010f20207363be" title="sead_prelab_007">
        <itemmetadata>
          <qtimetadata>
            <qtimetadatafield>
              <fieldlabel>question_type</fieldlabel>
              <fieldentry>multiple_choice_question</fieldentry>
            </qtimetadatafield>
            <qtimetadatafield>
              <fieldlabel>points_possible</fieldlabel>
              <fieldentry>0.25</fieldentry>
            </qtimetadatafield>
            <qtimetadatafield>
              <fieldlabel>original_answer_ids</fieldlabel>
              <fieldentry>63698,26160,61747</fieldentry>
            </qtimetadatafield>
            <qtimetadatafield>
              <fieldlabel>assessment_question_identifierref</fieldlabel>
              <fieldentry>gd9f4d2f34ac70183ed712032a6c26f32</fieldentry>
            </qtimetadatafield>
          </qtimetadata>
        </itemmetadata>
        <presentation>
          <material>
            <mattext texttype="text/html">&lt;div&gt;&lt;table cellspacing="0" cellpadding="0"&gt;
&lt;tbody&gt;
&lt;tr&gt;
&lt;td width="70"&gt;&lt;/td&gt;
&lt;/tr&gt;
&lt;tr&gt;
&lt;td&gt;&lt;/td&gt;
&lt;td&gt;&lt;img src="$IMS-CC-FILEBASE$/Uploaded%20Media/image-ac928c1e-887c-4437-8af3-4f6772527f8c.png" alt="image.png" data-api-endpoint="https://dominicanu.instructure.com/api/v1/courses/2467808/files/369668535" data-api-returntype="File" loading="lazy"&gt;&lt;/td&gt;
&lt;/tr&gt;
&lt;/tbody&gt;
&lt;/table&gt;
&lt;p&gt;&lt;br&gt;&lt;br&gt;&lt;span style="font-size: 14pt;"&gt;&lt;strong&gt;Female donors are only slightly more represented than male donors in the “No AD” group. Is the same true for the high AD group?&lt;/strong&gt;&lt;/span&gt;&lt;/p&gt;&lt;/div&gt;</mattext>
          </material>
          <response_lid ident="response1" rcardinality="Single">
            <render_choice>
              <response_label ident="63698">
                <material>
                  <mattext texttype="text/plain">Yes, it’s the same proportion.</mattext>
                </material>
              </response_label>
              <response_label ident="26160">
                <material>
                  <mattext texttype="text/plain">No, female donors are under-represented in the high AD group.</mattext>
                </material>
              </response_label>
              <response_label ident="61747">
                <material>
                  <mattext texttype="text/plain">No, female donors are even more over-represented in the high AD group.</mattext>
                </material>
              </response_label>
            </render_choice>
          </response_lid>
        </presentation>
        <resprocessing>
          <outcomes>
            <decvar maxvalue="100" minvalue="0" varname="SCORE" vartype="Decimal"/>
          </outcomes>
          <respcondition continue="No">
            <conditionvar>
              <varequal respident="response1">61747</varequal>
            </conditionvar>
            <setvar action="Set" varname="SCORE">100</setvar>
          </respcondition>
        </resprocessing>
      </item>
      <item ident="g0526a97c626e559756281a162c12d6b4" title="sead_prelab_008">
        <itemmetadata>
          <qtimetadata>
            <qtimetadatafield>
              <fieldlabel>question_type</fieldlabel>
              <fieldentry>text_only_question</fieldentry>
            </qtimetadatafield>
            <qtimetadatafield>
              <fieldlabel>points_possible</fieldlabel>
              <fieldentry>0</fieldentry>
            </qtimetadatafield>
            <qtimetadatafield>
              <fieldlabel>original_answer_ids</fieldlabel>
              <fieldentry></fieldentry>
            </qtimetadatafield>
            <qtimetadatafield>
              <fieldlabel>passage</fieldlabel>
              <fieldentry>true</fieldentry>
            </qtimetadatafield>
            <qtimetadatafield>
              <fieldlabel>assessment_question_identifierref</fieldlabel>
              <fieldentry>ga861c209d97f2b05ec6e0260890ec437</fieldentry>
            </qtimetadatafield>
          </qtimetadata>
        </itemmetadata>
        <presentation>
          <material>
            <mattext texttype="text/html">&lt;div&gt;&lt;p&gt;Understanding and Representing Gene Expression Data&lt;br&gt;The SEA-AD project measured &lt;i&gt;gene expression &lt;/i&gt;from individual cells in the CNS of AD and healthy donors. Because RNA is transcribed from DNA this is often called &lt;i&gt;transcriptomic data &lt;/i&gt;– data that measures all the transcripts a single cell currently expresses.&amp;nbsp; Additionally, in order to classify different cell types based on gene expression, we use a representation called a UMAP (Uniform Manifold Approximation and Projection).&amp;nbsp; To represent levels of gene expression of specific genes to compare across different cell types we can also use a heatmap. &lt;br&gt;&amp;nbsp;&lt;br&gt;Let’s hear from &lt;a href="https://alleninstitute.org/resource/what-is-a-umap/" target="_blank"&gt;&lt;span style="font-size: 12.0pt; line-height: 115%; font-family: 'Calibri',sans-serif; color: windowtext;"&gt;Meuler &amp;amp; Casimo (2024)&lt;/span&gt;&lt;/a&gt; on their explanation of how single cell RNA sequencing works and how it is represented as UMAP (Uniform Manifold Approximation and Projection)&lt;i&gt; &lt;/i&gt;and heatmaps.&lt;br&gt;The remainder of the text and figures in this section are adapted from their work:&lt;br&gt;&amp;nbsp;&lt;br&gt;&lt;i&gt;“Transcriptomic data is a type of data that allows scientists to investigate which genes a cell is transcribing/expressing and in what quantities. If a cell, and more specifically, that cell’s nucleus, contains a specific RNA transcript, this indicates that the cell is expressing the specific gene associated with that RNA. By (1) isolating nuclei, (2) sequencing the mRNA transcripts found within the nuclei, and (3) counting those transcripts, we can tell which genes the cell is expressing and how much these cells are expressing these genes. Repeating this process for thousands of cells from a sample of brain tissue allows researchers to find similarities and dissimilarities between cells on the basis of their gene expression. These patterns of similarity and dissimilarity are then used to classify certain cells as specific “types.” The graphic below explains in detail how scientists gather and interpret transcriptomic data.”&lt;/i&gt;&lt;br&gt;&amp;nbsp;&lt;br&gt;&lt;img src="$IMS-CC-FILEBASE$/Quiz%20Files/qti_import_5403659/image00768cc792a.gif" alt="" width="750" height="682" data-api-endpoint="https://dominicanu.instructure.com/api/v1/courses/2467808/files/369668035" data-api-returntype="File" loading="lazy"&gt;&lt;/p&gt;
&lt;p&gt;&lt;img src="$IMS-CC-FILEBASE$/Quiz%20Files/qti_import_5403659/image00868cc792a.gif" alt="" width="750" height="870" data-api-endpoint="https://dominicanu.instructure.com/api/v1/courses/2467808/files/369668037" data-api-returntype="File" loading="lazy"&gt;&lt;br&gt;&lt;img src="$IMS-CC-FILEBASE$/Quiz%20Files/qti_import_5403659/image00968cc792a.gif" alt="" width="694" height="760" data-api-endpoint="https://dominicanu.instructure.com/api/v1/courses/2467808/files/369668039" data-api-returntype="File" loading="lazy"&gt;&lt;br&gt;&lt;img src="$IMS-CC-FILEBASE$/Quiz%20Files/qti_import_5403659/image01068cc792a.gif" alt="" width="748" height="375" data-api-endpoint="https://dominicanu.instructure.com/api/v1/courses/2467808/files/369668041" data-api-returntype="File" loading="lazy"&gt;&lt;/p&gt;&lt;/div&gt;</mattext>
          </material>
        </presentation>
      </item>
      <item ident="g2511007004a1082b8d731a9c631b1d79" title="sead_prelab_009">
        <itemmetadata>
          <qtimetadata>
            <qtimetadatafield>
              <fieldlabel>question_type</fieldlabel>
              <fieldentry>multiple_choice_question</fieldentry>
            </qtimetadatafield>
            <qtimetadatafield>
              <fieldlabel>points_possible</fieldlabel>
              <fieldentry>0.25</fieldentry>
            </qtimetadatafield>
            <qtimetadatafield>
              <fieldlabel>original_answer_ids</fieldlabel>
              <fieldentry>80395,59375,95661,98848</fieldentry>
            </qtimetadatafield>
            <qtimetadatafield>
              <fieldlabel>assessment_question_identifierref</fieldlabel>
              <fieldentry>gf360770c515fdd17d75e9fe8e1c351d8</fieldentry>
            </qtimetadatafield>
          </qtimetadata>
        </itemmetadata>
        <presentation>
          <material>
            <mattext texttype="text/html">&lt;div&gt;&lt;p&gt;&lt;span style="font-size: 14pt;"&gt;&lt;strong&gt;The SEA-AD project measured ____ in individual cells from the brains of healthy and AD donors.&lt;/strong&gt;&lt;/span&gt;&lt;/p&gt;&lt;/div&gt;</mattext>
          </material>
          <response_lid ident="response1" rcardinality="Single">
            <render_choice>
              <response_label ident="80395">
                <material>
                  <mattext texttype="text/plain">DNA</mattext>
                </material>
              </response_label>
              <response_label ident="59375">
                <material>
                  <mattext texttype="text/plain">RNA</mattext>
                </material>
              </response_label>
              <response_label ident="95661">
                <material>
                  <mattext texttype="text/plain">Protein</mattext>
                </material>
              </response_label>
              <response_label ident="98848">
                <material>
                  <mattext texttype="text/plain">All of the above</mattext>
                </material>
              </response_label>
            </render_choice>
          </response_lid>
        </presentation>
        <resprocessing>
          <outcomes>
            <decvar maxvalue="100" minvalue="0" varname="SCORE" vartype="Decimal"/>
          </outcomes>
          <respcondition continue="No">
            <conditionvar>
              <varequal respident="response1">59375</varequal>
            </conditionvar>
            <setvar action="Set" varname="SCORE">100</setvar>
          </respcondition>
        </resprocessing>
      </item>
      <item ident="g7c04b502e9c8da0a6597e7bc29717203" title="sead_prelab_010">
        <itemmetadata>
          <qtimetadata>
            <qtimetadatafield>
              <fieldlabel>question_type</fieldlabel>
              <fieldentry>multiple_choice_question</fieldentry>
            </qtimetadatafield>
            <qtimetadatafield>
              <fieldlabel>points_possible</fieldlabel>
              <fieldentry>0.25</fieldentry>
            </qtimetadatafield>
            <qtimetadatafield>
              <fieldlabel>original_answer_ids</fieldlabel>
              <fieldentry>43213,24419,8232,56736</fieldentry>
            </qtimetadatafield>
            <qtimetadatafield>
              <fieldlabel>assessment_question_identifierref</fieldlabel>
              <fieldentry>gc6446e7ac62ca41c656c959e42a1c6c5</fieldentry>
            </qtimetadatafield>
          </qtimetadata>
        </itemmetadata>
        <presentation>
          <material>
            <mattext texttype="text/html">&lt;div&gt;&lt;p&gt;&lt;span style="font-size: 14pt;"&gt;&lt;strong&gt;For each cell, sequencing enabled the SEA-AD researchers to quantify:&lt;/strong&gt;&lt;/span&gt;&lt;/p&gt;&lt;/div&gt;</mattext>
          </material>
          <response_lid ident="response1" rcardinality="Single">
            <render_choice>
              <response_label ident="43213">
                <material>
                  <mattext texttype="text/plain">The expression of one gene for each cell</mattext>
                </material>
              </response_label>
              <response_label ident="24419">
                <material>
                  <mattext texttype="text/plain">The expression of many genes for each cell</mattext>
                </material>
              </response_label>
              <response_label ident="8232">
                <material>
                  <mattext texttype="text/plain">The expression of one protein for each cell</mattext>
                </material>
              </response_label>
              <response_label ident="56736">
                <material>
                  <mattext texttype="text/plain">The expression of many proteins for each cell</mattext>
                </material>
              </response_label>
            </render_choice>
          </response_lid>
        </presentation>
        <resprocessing>
          <outcomes>
            <decvar maxvalue="100" minvalue="0" varname="SCORE" vartype="Decimal"/>
          </outcomes>
          <respcondition continue="No">
            <conditionvar>
              <varequal respident="response1">24419</varequal>
            </conditionvar>
            <setvar action="Set" varname="SCORE">100</setvar>
          </respcondition>
        </resprocessing>
      </item>
      <item ident="g0c2122fbcd90546ff77b404242bb30a7" title="sead_prelab_011">
        <itemmetadata>
          <qtimetadata>
            <qtimetadatafield>
              <fieldlabel>question_type</fieldlabel>
              <fieldentry>multiple_choice_question</fieldentry>
            </qtimetadatafield>
            <qtimetadatafield>
              <fieldlabel>points_possible</fieldlabel>
              <fieldentry>0.25</fieldentry>
            </qtimetadatafield>
            <qtimetadatafield>
              <fieldlabel>original_answer_ids</fieldlabel>
              <fieldentry>58687,33897,33456,10628</fieldentry>
            </qtimetadatafield>
            <qtimetadatafield>
              <fieldlabel>assessment_question_identifierref</fieldlabel>
              <fieldentry>ga0c83b14a7ef6ebc2d1b81b301844887</fieldentry>
            </qtimetadatafield>
          </qtimetadata>
        </itemmetadata>
        <presentation>
          <material>
            <mattext texttype="text/html">&lt;div&gt;&lt;p&gt;&lt;span style="font-size: 14pt;"&gt;&lt;strong&gt;In a UMAP plot, each dot represents a single:&lt;/strong&gt;&lt;/span&gt;&lt;/p&gt;&lt;/div&gt;</mattext>
          </material>
          <response_lid ident="response1" rcardinality="Single">
            <render_choice>
              <response_label ident="58687">
                <material>
                  <mattext texttype="text/plain">Patient</mattext>
                </material>
              </response_label>
              <response_label ident="33897">
                <material>
                  <mattext texttype="text/plain">Cell</mattext>
                </material>
              </response_label>
              <response_label ident="33456">
                <material>
                  <mattext texttype="text/plain">RNA</mattext>
                </material>
              </response_label>
              <response_label ident="10628">
                <material>
                  <mattext texttype="text/html">Brain region &lt;br&gt;&amp;nbsp;&lt;br&gt;&lt;br&gt;&lt;a name="_heading=h.dv70l8dm5yl8"&gt;&lt;/a&gt;</mattext>
                </material>
              </response_label>
            </render_choice>
          </response_lid>
        </presentation>
        <resprocessing>
          <outcomes>
            <decvar maxvalue="100" minvalue="0" varname="SCORE" vartype="Decimal"/>
          </outcomes>
          <respcondition continue="No">
            <conditionvar>
              <varequal respident="response1">33897</varequal>
            </conditionvar>
            <setvar action="Set" varname="SCORE">100</setvar>
          </respcondition>
        </resprocessing>
      </item>
      <item ident="gf6d86a7df06423895f84841223ec9219" title="sead_prelab_012">
        <itemmetadata>
          <qtimetadata>
            <qtimetadatafield>
              <fieldlabel>question_type</fieldlabel>
              <fieldentry>text_only_question</fieldentry>
            </qtimetadatafield>
            <qtimetadatafield>
              <fieldlabel>points_possible</fieldlabel>
              <fieldentry>0</fieldentry>
            </qtimetadatafield>
            <qtimetadatafield>
              <fieldlabel>original_answer_ids</fieldlabel>
              <fieldentry></fieldentry>
            </qtimetadatafield>
            <qtimetadatafield>
              <fieldlabel>passage</fieldlabel>
              <fieldentry>true</fieldentry>
            </qtimetadatafield>
            <qtimetadatafield>
              <fieldlabel>assessment_question_identifierref</fieldlabel>
              <fieldentry>g30f459a4adbedefe50ffee49b786de9a</fieldentry>
            </qtimetadatafield>
          </qtimetadata>
        </itemmetadata>
        <presentation>
          <material>
            <mattext texttype="text/html">&lt;div&gt;&lt;p&gt;&amp;nbsp;&lt;br&gt;Let’s roll up our sleeves and figure out how to explore the SEA-AD data.&amp;nbsp; It’s a complex data set, but we can do it!&lt;br&gt;&amp;nbsp;&lt;/p&gt;
&lt;ol style="margin-top: 0in;" start="1" type="1"&gt;
&lt;li&gt;Access the SEA-AD data through the Cell x Gene explorer: &lt;a href="https://cellxgene.cziscience.com/collections/1ca90a2d-2943-483d-b678-b809bf464c30" target="_blank"&gt;&lt;span style="font-size: 12.0pt; line-height: 115%; font-family: 'Calibri',sans-serif; color: windowtext;"&gt;https://cellxgene.cziscience.com/collections/1ca90a2d-2943-483d-b678-b809bf464c30&lt;/span&gt;&lt;/a&gt;&lt;/li&gt;
&lt;/ol&gt;
&lt;p&gt;&lt;br&gt;&amp;nbsp;&lt;br&gt;&lt;img src="$IMS-CC-FILEBASE$/Quiz%20Files/qti_import_5403659/image01168cc792a.gif" alt="" width="852" height="376" data-api-endpoint="https://dominicanu.instructure.com/api/v1/courses/2467808/files/369668043" data-api-returntype="File" loading="lazy"&gt;&lt;br&gt;&amp;nbsp;&lt;br&gt;You’ll find many options to explore. The first item on the list is the complete SEA-AD dataset for the middle temporal gyrus (“Whole Taxonomy - MTG: Seattle Alzheimer's Disease Atlas (SEA-AD)”). Next, you can access the full dataset for the dorsolateral prefrontal cortex (“Whole Taxonomy - DLPFC: Seattle Alzheimer's Disease Atlas (SEA-AD)”).&lt;br&gt;&amp;nbsp;&lt;br&gt;Following these are breakdowns of the data by specific cell types (for example, just the Lamp5 cells, just the Pax6 cells, etc.). These subsets help make the project’s vast data more manageable and easier to focus on.&lt;br&gt;&amp;nbsp;&lt;br&gt;For our first exploration, let’s start with the whole dataset for the middle temporal gyrus. Click Explore next to the “Whole Taxonomy - MTG: Seattle Alzheimer's Disease Atlas (SEA-AD)” option to begin.&lt;br&gt;&amp;nbsp;&lt;br&gt;&amp;nbsp;&lt;br&gt;&lt;img src="$IMS-CC-FILEBASE$/Quiz%20Files/qti_import_5403659/image01268cc792a.gif" alt="" width="838" height="66" data-api-endpoint="https://dominicanu.instructure.com/api/v1/courses/2467808/files/369668047" data-api-returntype="File" loading="lazy"&gt;&lt;/p&gt;&lt;/div&gt;</mattext>
          </material>
        </presentation>
      </item>
      <item ident="g0c98287347c2a455da14c39485181d7b" title="sead_prelab_013">
        <itemmetadata>
          <qtimetadata>
            <qtimetadatafield>
              <fieldlabel>question_type</fieldlabel>
              <fieldentry>text_only_question</fieldentry>
            </qtimetadatafield>
            <qtimetadatafield>
              <fieldlabel>points_possible</fieldlabel>
              <fieldentry>0</fieldentry>
            </qtimetadatafield>
            <qtimetadatafield>
              <fieldlabel>original_answer_ids</fieldlabel>
              <fieldentry></fieldentry>
            </qtimetadatafield>
            <qtimetadatafield>
              <fieldlabel>passage</fieldlabel>
              <fieldentry>true</fieldentry>
            </qtimetadatafield>
            <qtimetadatafield>
              <fieldlabel>assessment_question_identifierref</fieldlabel>
              <fieldentry>g8b33743b178b2fd45644ee2add0757a8</fieldentry>
            </qtimetadatafield>
          </qtimetadata>
        </itemmetadata>
        <presentation>
          <material>
            <mattext texttype="text/html">&lt;div&gt;&lt;p&gt;&amp;nbsp;&lt;/p&gt;
&lt;ol style="margin-top: 0in;" start="2" type="1"&gt;
&lt;li&gt;Get to know the interface.&amp;nbsp; You should now see the Cell × Gene explorer displaying the SEA-AD data. Your screen will look like this: filters and mappings on the left, a UMAP visualization of all individual cells in the center, and the gene explorer panel on the right.&lt;/li&gt;
&lt;/ol&gt;
&lt;p&gt;&lt;br&gt;&lt;img src="$IMS-CC-FILEBASE$/Quiz%20Files/qti_import_5403659/image01368cc792a.gif" alt="" width="814" height="432" data-api-endpoint="https://dominicanu.instructure.com/api/v1/courses/2467808/files/369668049" data-api-returntype="File" loading="lazy"&gt;&lt;br&gt;&amp;nbsp;&lt;/p&gt;
&lt;ol style="margin-top: 0in;" start="3" type="1"&gt;
&lt;li&gt;Use the zoom tool -&amp;nbsp; In the large middle panel, you’ll see the UMAP — a visualization representing every cell sequenced in this database, totaling 1,378,211 cells! Right now, it might just look like a big black blur. Let’s zoom in to see more detail! Click the Zoom tool, then use your mouse to zoom in and out of the UMAP.&lt;/li&gt;
&lt;/ol&gt;
&lt;p&gt;&lt;br&gt;&lt;img src="$IMS-CC-FILEBASE$/Quiz%20Files/qti_import_5403659/image01468cc792a.gif" alt="" data-api-endpoint="https://dominicanu.instructure.com/api/v1/courses/2467808/files/369668051" data-api-returntype="File" loading="lazy"&gt;&lt;br&gt;&amp;nbsp;&lt;br&gt;&lt;img src="$IMS-CC-FILEBASE$/Quiz%20Files/qti_import_5403659/image01568cc792a.gif" alt="" width="761" height="476" data-api-endpoint="https://dominicanu.instructure.com/api/v1/courses/2467808/files/369668053" data-api-returntype="File" loading="lazy"&gt;&lt;br&gt;&amp;nbsp;&lt;br&gt;As you zoom in, you’ll begin to see individual small dots – each dot represents a single cell – it could be a neuron, or nonneural brain cell type such as a microglia, or an astrocyte… whatever was sequenced&lt;br&gt;&amp;nbsp;&lt;br&gt;Now Zoom back out to where you can see the whole UMAP.&lt;br&gt;&amp;nbsp;&lt;/p&gt;&lt;/div&gt;</mattext>
          </material>
        </presentation>
      </item>
      <item ident="gdc4a6145fe27b360cb9b8456ba4226e3" title="sead_prelab_014">
        <itemmetadata>
          <qtimetadata>
            <qtimetadatafield>
              <fieldlabel>question_type</fieldlabel>
              <fieldentry>text_only_question</fieldentry>
            </qtimetadatafield>
            <qtimetadatafield>
              <fieldlabel>points_possible</fieldlabel>
              <fieldentry>0</fieldentry>
            </qtimetadatafield>
            <qtimetadatafield>
              <fieldlabel>original_answer_ids</fieldlabel>
              <fieldentry></fieldentry>
            </qtimetadatafield>
            <qtimetadatafield>
              <fieldlabel>passage</fieldlabel>
              <fieldentry>true</fieldentry>
            </qtimetadatafield>
            <qtimetadatafield>
              <fieldlabel>assessment_question_identifierref</fieldlabel>
              <fieldentry>g5489efbaafe684a70c14ae7cbbf95ee8</fieldentry>
            </qtimetadatafield>
          </qtimetadata>
        </itemmetadata>
        <presentation>
          <material>
            <mattext texttype="text/html">&lt;div&gt;&lt;p&gt;&amp;nbsp;&lt;/p&gt;
&lt;ol style="margin-top: 0in;" start="4" type="1"&gt;
&lt;li&gt;Color cells by a category with the raindrop tool: To better understand the UMAP, we can color-code the cells based on their characteristics using the raindrop tool. Start by clicking the raindrop tool and selecting disease. This will color the cells so that those from donors with Alzheimer’s disease appear purple, while cells from healthy donors appear green. Pretty cool, right?&lt;br&gt;&lt;br&gt;Try coloring by other characteristics. For example, can you color the cells by the sex of the donor (males/females)?&lt;/li&gt;
&lt;/ol&gt;
&lt;p&gt;&lt;br&gt;&amp;nbsp;&lt;br&gt;&lt;img src="$IMS-CC-FILEBASE$/Quiz%20Files/qti_import_5403659/image01668cc792a.gif" alt="" width="485" height="243" data-api-endpoint="https://dominicanu.instructure.com/api/v1/courses/2467808/files/369668057" data-api-returntype="File" loading="lazy"&gt;&lt;br&gt;&amp;nbsp;&lt;br&gt;&lt;img src="$IMS-CC-FILEBASE$/Quiz%20Files/qti_import_5403659/image01768cc792a.gif" alt="" width="721" height="497" data-api-endpoint="https://dominicanu.instructure.com/api/v1/courses/2467808/files/369668059" data-api-returntype="File" loading="lazy"&gt;&lt;br&gt;&amp;nbsp;&lt;br&gt;&amp;nbsp;&lt;/p&gt;
&lt;ol style="margin-top: 0in;" start="5" type="1"&gt;
&lt;li&gt;Understand the UMAP: This looks cool, but why are the cells shown as these lumpy smudges? The position of each cell is determined by how similar it is to other cells based on gene expression. In other words, cells placed close together have similar gene expression profiles across their entire transcriptomes, while cells farther apart are less similar.&lt;/li&gt;
&lt;/ol&gt;
&lt;p&gt;&lt;br&gt;&lt;img src="$IMS-CC-FILEBASE$/Quiz%20Files/qti_import_5403659/image01868cc792a.gif" alt="" width="712" height="210" data-api-endpoint="https://dominicanu.instructure.com/api/v1/courses/2467808/files/369668061" data-api-returntype="File" loading="lazy"&gt;&lt;br&gt;&amp;nbsp;&lt;br&gt;Placing cells on a UMAP like this reveals clusters of transcriptionally similar cells, which is how researchers in this project defined different cell types.&lt;br&gt;To explore this yourself, use the raindrop tool to color by cell_type. Then, expand the cell_type heading (click on the arrow &amp;gt;) to see a detailed view — your screen should look like this:&lt;br&gt;&amp;nbsp;&lt;br&gt;&lt;img src="$IMS-CC-FILEBASE$/Quiz%20Files/qti_import_5403659/image01968cc792a.gif" alt="" width="750" height="466" data-api-endpoint="https://dominicanu.instructure.com/api/v1/courses/2467808/files/369668063" data-api-returntype="File" loading="lazy"&gt;&lt;br&gt;&amp;nbsp;&lt;br&gt;When you hover your mouse over different cell types in the list, they’ll be highlighted on the map. To label the different populations, click the list icon located to the right of the zoom tool.&lt;br&gt;You’ll notice the purple “islands” represent L2/3-6 intratelencephalic projecting glutamatergic neurons. The bright green islands at the bottom left are Lamp5 GABAergic cortical interneurons. Notice how the glutamate islands and GABA islands are quite far apart — excitatory and inhibitory neurons have distinctly different gene expression profiles!&lt;br&gt;&amp;nbsp;&lt;/p&gt;&lt;/div&gt;</mattext>
          </material>
        </presentation>
      </item>
      <item ident="g10ebcb2b8dad7ecb13bfe02e8454babb" title="sead_prelab_015">
        <itemmetadata>
          <qtimetadata>
            <qtimetadatafield>
              <fieldlabel>question_type</fieldlabel>
              <fieldentry>multiple_choice_question</fieldentry>
            </qtimetadatafield>
            <qtimetadatafield>
              <fieldlabel>points_possible</fieldlabel>
              <fieldentry>0.25</fieldentry>
            </qtimetadatafield>
            <qtimetadatafield>
              <fieldlabel>original_answer_ids</fieldlabel>
              <fieldentry>6599,17259</fieldentry>
            </qtimetadatafield>
            <qtimetadatafield>
              <fieldlabel>assessment_question_identifierref</fieldlabel>
              <fieldentry>g403177c921431d85622f7ef2317ca75d</fieldentry>
            </qtimetadatafield>
          </qtimetadata>
        </itemmetadata>
        <presentation>
          <material>
            <mattext texttype="text/html">&lt;div&gt;&lt;p&gt;&amp;nbsp;&lt;/p&gt;
&lt;ol style="margin-top: 0in;" start="6" type="1"&gt;
&lt;li&gt;Understand the group-level summaries.&amp;nbsp; Once you’ve color-coded your cells, the Cell×Gene explorer has a neat feature — it shows how that color coding breaks down across other groups. It might sound a bit tricky, but stick with me!&lt;/li&gt;
&lt;/ol&gt;
&lt;p&gt;&lt;br&gt;Collapse the cell_type list and then expand the disease list. You’ll see a stacked bar graph showing the distribution of cells in the dementia group versus the normal group.&lt;br&gt;&amp;nbsp;&lt;br&gt;&lt;img src="$IMS-CC-FILEBASE$/Quiz%20Files/qti_import_5403659/image02068cc792a.gif" alt="" data-api-endpoint="https://dominicanu.instructure.com/api/v1/courses/2467808/files/369668065" data-api-returntype="File" loading="lazy"&gt;&lt;br&gt;&amp;nbsp;&lt;br&gt;This graph shows the breakdown of different cell types — like the purple glutamatergic neurons and the green GABAergic neurons — within the dementia group and the normal group. While the dementia group has 536,608 cells and the normal group has 841,403 cells, the stacked bars let you compare the &lt;i&gt;proportions&lt;/i&gt; of each cell type in both groups.&lt;/p&gt;
&lt;p&gt;&lt;br&gt;&lt;span style="font-size: 14pt;"&gt;&lt;strong&gt;Although we can’t draw definitive conclusions from this summary alone, generally, what does this suggest?&lt;/strong&gt;&lt;/span&gt;&lt;/p&gt;&lt;/div&gt;</mattext>
          </material>
          <response_lid ident="response1" rcardinality="Single">
            <render_choice>
              <response_label ident="6599">
                <material>
                  <mattext texttype="text/plain">That there are radical differences in the cell types found in dementia (AD) donors compared to normal donors.</mattext>
                </material>
              </response_label>
              <response_label ident="17259">
                <material>
                  <mattext texttype="text/html">That both groups appear to have roughly the same breakdown of cell types&lt;br&gt;&amp;nbsp;&lt;br&gt;&amp;nbsp;</mattext>
                </material>
              </response_label>
            </render_choice>
          </response_lid>
        </presentation>
        <resprocessing>
          <outcomes>
            <decvar maxvalue="100" minvalue="0" varname="SCORE" vartype="Decimal"/>
          </outcomes>
          <respcondition continue="No">
            <conditionvar>
              <varequal respident="response1">6599</varequal>
            </conditionvar>
            <setvar action="Set" varname="SCORE">100</setvar>
          </respcondition>
        </resprocessing>
      </item>
      <item ident="g2fcd100d00588f4edd25f5fd93afe789" title="sead_prelab_016">
        <itemmetadata>
          <qtimetadata>
            <qtimetadatafield>
              <fieldlabel>question_type</fieldlabel>
              <fieldentry>text_only_question</fieldentry>
            </qtimetadatafield>
            <qtimetadatafield>
              <fieldlabel>points_possible</fieldlabel>
              <fieldentry>0</fieldentry>
            </qtimetadatafield>
            <qtimetadatafield>
              <fieldlabel>original_answer_ids</fieldlabel>
              <fieldentry></fieldentry>
            </qtimetadatafield>
            <qtimetadatafield>
              <fieldlabel>passage</fieldlabel>
              <fieldentry>true</fieldentry>
            </qtimetadatafield>
            <qtimetadatafield>
              <fieldlabel>assessment_question_identifierref</fieldlabel>
              <fieldentry>g238f3a4538a5dab5fd133a6167f153f7</fieldentry>
            </qtimetadatafield>
          </qtimetadata>
        </itemmetadata>
        <presentation>
          <material>
            <mattext texttype="text/html">&lt;div&gt;&lt;p&gt;For the last question, If you picked the second option, great job! The cell type distributions do look fairly similar, which suggests Alzheimer’s may not cause dramatic changes in cell types within the middle temporal lobe. Interesting, right?&lt;br&gt;&amp;nbsp;&lt;/p&gt;
&lt;ol style="margin-top: 0in;" start="7" type="1"&gt;
&lt;li&gt;Learn how to filter.&amp;nbsp; Instead of color-coding, you can also filter the data to focus on specific cells. For example, you might want to explore gene expression changes only in female donors. Filtering is simple — just expand the category you want and select the cells to keep.&lt;/li&gt;
&lt;/ol&gt;
&lt;p&gt;&lt;br&gt;Filtering lets you narrow your focus to specific groups of interest, making it easier to detect patterns or differences that might be hidden when looking at the entire dataset. This targeted approach can reveal insights specific to certain populations, like female donors, that could be important for understanding disease mechanisms. Here’s an example showing only the cells from female donors:&lt;br&gt;&lt;img src="$IMS-CC-FILEBASE$/Quiz%20Files/qti_import_5403659/image02168cc792a.gif" alt="" width="794" height="483" data-api-endpoint="https://dominicanu.instructure.com/api/v1/courses/2467808/files/369668067" data-api-returntype="File" loading="lazy"&gt;&lt;br&gt;&amp;nbsp;&lt;/p&gt;&lt;/div&gt;</mattext>
          </material>
        </presentation>
      </item>
      <item ident="g679207af6c7051ccd22d29a07ebfaa2e" title="sead_prelab_017">
        <itemmetadata>
          <qtimetadata>
            <qtimetadatafield>
              <fieldlabel>question_type</fieldlabel>
              <fieldentry>text_only_question</fieldentry>
            </qtimetadatafield>
            <qtimetadatafield>
              <fieldlabel>points_possible</fieldlabel>
              <fieldentry>0</fieldentry>
            </qtimetadatafield>
            <qtimetadatafield>
              <fieldlabel>original_answer_ids</fieldlabel>
              <fieldentry></fieldentry>
            </qtimetadatafield>
            <qtimetadatafield>
              <fieldlabel>passage</fieldlabel>
              <fieldentry>true</fieldentry>
            </qtimetadatafield>
            <qtimetadatafield>
              <fieldlabel>assessment_question_identifierref</fieldlabel>
              <fieldentry>g28309cb99c0c5689b3697cac03609090</fieldentry>
            </qtimetadatafield>
          </qtimetadata>
        </itemmetadata>
        <presentation>
          <material>
            <mattext texttype="text/html">&lt;div&gt;&lt;p&gt;&amp;nbsp;&lt;/p&gt;
&lt;ol style="margin-top: 0in;" start="8" type="1"&gt;
&lt;li&gt;Let’s start working with some genes!&amp;nbsp; If you’ve been filtering, be sure to reset and select all cells again. Now, we’re ready to dive into gene expression.&lt;/li&gt;
&lt;/ol&gt;
&lt;p&gt;&lt;br&gt;In the Quick Gene Search box (right side of screen), type XIST and hit enter.&lt;br&gt;&lt;img src="$IMS-CC-FILEBASE$/Quiz%20Files/qti_import_5403659/image02268cc792a.gif" alt="" width="358" height="162" data-api-endpoint="https://dominicanu.instructure.com/api/v1/courses/2467808/files/369668069" data-api-returntype="File" loading="lazy"&gt;&lt;br&gt;&amp;nbsp;&lt;br&gt;&amp;nbsp;&lt;br&gt;&amp;nbsp;&lt;br&gt;And add it to your gene list:&lt;br&gt;&amp;nbsp;&lt;br&gt;&lt;img src="$IMS-CC-FILEBASE$/Quiz%20Files/qti_import_5403659/image02368cc792a.gif" alt="" width="424" height="189" data-api-endpoint="https://dominicanu.instructure.com/api/v1/courses/2467808/files/369668073" data-api-returntype="File" loading="lazy"&gt;&lt;br&gt;&amp;nbsp;&lt;/p&gt;
&lt;ol style="margin-top: 0in;" start="9" type="1"&gt;
&lt;li&gt;Color-code by Gene Expression.&amp;nbsp; The XIST gene has our old friend the water-drop tool.&amp;nbsp; Click it and you can color code the cells in our UMAP &lt;i&gt;by their level of XIST expression.&amp;nbsp; &lt;/i&gt;&lt;/li&gt;
&lt;/ol&gt;
&lt;p&gt;&lt;br&gt;&lt;i&gt;&lt;img src="$IMS-CC-FILEBASE$/Quiz%20Files/qti_import_5403659/image02468cc792a.gif" alt="" data-api-endpoint="https://dominicanu.instructure.com/api/v1/courses/2467808/files/369668075" data-api-returntype="File" loading="lazy"&gt;&lt;/i&gt;&lt;br&gt;Your UMAP will now look like this:&lt;br&gt;&lt;img src="$IMS-CC-FILEBASE$/Quiz%20Files/qti_import_5403659/image02568cc792a.gif" alt="" width="527" height="475" data-api-endpoint="https://dominicanu.instructure.com/api/v1/courses/2467808/files/369668077" data-api-returntype="File" loading="lazy"&gt;&lt;br&gt;&amp;nbsp;&lt;br&gt;What does this show us? The green cells have very low expression of XIST – while the gene coding for this protein exists in the DNA, they these cells aren’t actively transcribing much XIST mRNA. In contrast, the blue cells show higher levels of XIST mRNA expression.&lt;br&gt;&amp;nbsp;&lt;/p&gt;
&lt;ol style="margin-top: 0in;" start="10" type="1"&gt;
&lt;li&gt;Look at the overall expression histogram.&amp;nbsp; Click the &amp;lt;&amp;gt; (double arrow) button to expand the information about XIST.&amp;nbsp; You’ll see a &lt;i&gt;histogram &lt;/i&gt;showing the distribution of expression levels for XIST among all the cells in the current database.&lt;/li&gt;
&lt;/ol&gt;
&lt;p&gt;&lt;br&gt;&amp;nbsp;&lt;br&gt;&lt;img src="$IMS-CC-FILEBASE$/Quiz%20Files/qti_import_5403659/image02668cc792a.gif" alt="" width="743" height="92" data-api-endpoint="https://dominicanu.instructure.com/api/v1/courses/2467808/files/369668079" data-api-returntype="File" loading="lazy"&gt;&lt;br&gt;&lt;img src="$IMS-CC-FILEBASE$/Quiz%20Files/qti_import_5403659/image02768cc792a.gif" alt="" width="750" height="381" data-api-endpoint="https://dominicanu.instructure.com/api/v1/courses/2467808/files/369668081" data-api-returntype="File" loading="lazy"&gt;&lt;br&gt;A histogram shows how common different scores are. In this case, the Y-axis represents the number of cells, and the X-axis shows gene expression levels. Each colored bar tells you how many cells have that specific level of expression for the gene.&lt;br&gt;Think of it like a popularity chart at a party – the taller the bar, the more people (or cells) have that particular “popularity score” (gene expression level).&lt;br&gt;&lt;img src="$IMS-CC-FILEBASE$/Quiz%20Files/qti_import_5403659/image02868cc792a.gif" alt="" width="442" height="254" data-api-endpoint="https://dominicanu.instructure.com/api/v1/courses/2467808/files/369668083" data-api-returntype="File" loading="lazy"&gt;&lt;br&gt;&amp;nbsp;&lt;br&gt;This histogram looks unusual! Let’s try to make sense of it.&lt;br&gt;&amp;nbsp;&lt;/p&gt;&lt;/div&gt;</mattext>
          </material>
        </presentation>
      </item>
      <item ident="g57143fa1c4d649c5eae6bccb29fdd195" title="sead_prelab_018">
        <itemmetadata>
          <qtimetadata>
            <qtimetadatafield>
              <fieldlabel>question_type</fieldlabel>
              <fieldentry>multiple_choice_question</fieldentry>
            </qtimetadatafield>
            <qtimetadatafield>
              <fieldlabel>points_possible</fieldlabel>
              <fieldentry>0.25</fieldentry>
            </qtimetadatafield>
            <qtimetadatafield>
              <fieldlabel>original_answer_ids</fieldlabel>
              <fieldentry>71704,75101</fieldentry>
            </qtimetadatafield>
            <qtimetadatafield>
              <fieldlabel>assessment_question_identifierref</fieldlabel>
              <fieldentry>ga7597e94cec51cfe953f1ef5bf942c0a</fieldentry>
            </qtimetadatafield>
          </qtimetadata>
        </itemmetadata>
        <presentation>
          <material>
            <mattext texttype="text/html">&lt;div&gt;&lt;p&gt;&lt;img src="$IMS-CC-FILEBASE$/Quiz%20Files/qti_import_5403659/image02868cc792a.gif" alt="" width="470" height="270" data-api-endpoint="https://dominicanu.instructure.com/api/v1/courses/2467808/files/369668083" data-api-returntype="File" loading="lazy"&gt;&lt;br&gt;&amp;nbsp;&lt;br&gt;This histogram looks unusual! Let’s try to make sense of it.&lt;/p&gt;
&lt;p&gt;&lt;br&gt;&lt;span style="font-size: 14pt;"&gt;&lt;strong&gt;First, notice the huge bar right at zero. What does that tell you?&lt;/strong&gt;&lt;/span&gt;&lt;/p&gt;&lt;/div&gt;</mattext>
          </material>
          <response_lid ident="response1" rcardinality="Single">
            <render_choice>
              <response_label ident="71704">
                <material>
                  <mattext texttype="text/plain">That there are zero cells that fail to express XIST.</mattext>
                </material>
              </response_label>
              <response_label ident="75101">
                <material>
                  <mattext texttype="text/plain">That there are a large number of cells that don’t express XIST at all.</mattext>
                </material>
              </response_label>
            </render_choice>
          </response_lid>
        </presentation>
        <resprocessing>
          <outcomes>
            <decvar maxvalue="100" minvalue="0" varname="SCORE" vartype="Decimal"/>
          </outcomes>
          <respcondition continue="No">
            <conditionvar>
              <varequal respident="response1">75101</varequal>
            </conditionvar>
            <setvar action="Set" varname="SCORE">100</setvar>
          </respcondition>
        </resprocessing>
      </item>
      <item ident="g32983d65977494b617e815c048caad35" title="sead_prelab_019">
        <itemmetadata>
          <qtimetadata>
            <qtimetadatafield>
              <fieldlabel>question_type</fieldlabel>
              <fieldentry>multiple_choice_question</fieldentry>
            </qtimetadatafield>
            <qtimetadatafield>
              <fieldlabel>points_possible</fieldlabel>
              <fieldentry>0.25</fieldentry>
            </qtimetadatafield>
            <qtimetadatafield>
              <fieldlabel>original_answer_ids</fieldlabel>
              <fieldentry>10403,3884</fieldentry>
            </qtimetadatafield>
            <qtimetadatafield>
              <fieldlabel>assessment_question_identifierref</fieldlabel>
              <fieldentry>g7df85a7c6b91eb61636ef0156705c8c2</fieldentry>
            </qtimetadatafield>
          </qtimetadata>
        </itemmetadata>
        <presentation>
          <material>
            <mattext texttype="text/html">&lt;div&gt;&lt;p&gt;If you chose the second option, great job! That big bar shows there’s a large group of cells with almost no XIST expression.&lt;br&gt;Now, take a look at the other cluster of bars forming a nice “bell curve”:&lt;br&gt;&lt;img src="$IMS-CC-FILEBASE$/Quiz%20Files/qti_import_5403659/image02968cc792a.gif" alt="" width="616" height="352" data-api-endpoint="https://dominicanu.instructure.com/api/v1/courses/2467808/files/369668085" data-api-returntype="File" loading="lazy"&gt;&lt;/p&gt;
&lt;p&gt;&lt;br&gt;&lt;span style="font-size: 14pt;"&gt;&lt;strong&gt;What does this other set of bars tell us?&lt;/strong&gt;&lt;/span&gt;&lt;/p&gt;&lt;/div&gt;</mattext>
          </material>
          <response_lid ident="response1" rcardinality="Single">
            <render_choice>
              <response_label ident="10403">
                <material>
                  <mattext texttype="text/plain">That there is a group of cells expressing XIST, but at varying levels—some a little, some more.</mattext>
                </material>
              </response_label>
              <response_label ident="3884">
                <material>
                  <mattext texttype="text/plain">That XIST must encode a protein shaped like a bell.</mattext>
                </material>
              </response_label>
            </render_choice>
          </response_lid>
        </presentation>
        <resprocessing>
          <outcomes>
            <decvar maxvalue="100" minvalue="0" varname="SCORE" vartype="Decimal"/>
          </outcomes>
          <respcondition continue="No">
            <conditionvar>
              <varequal respident="response1">10403</varequal>
            </conditionvar>
            <setvar action="Set" varname="SCORE">100</setvar>
          </respcondition>
        </resprocessing>
      </item>
      <item ident="gbc00956a3b89403a8020e69f5f28a2aa" title="sead_prelab_020">
        <itemmetadata>
          <qtimetadata>
            <qtimetadatafield>
              <fieldlabel>question_type</fieldlabel>
              <fieldentry>essay_question</fieldentry>
            </qtimetadatafield>
            <qtimetadatafield>
              <fieldlabel>points_possible</fieldlabel>
              <fieldentry>1.0</fieldentry>
            </qtimetadatafield>
            <qtimetadatafield>
              <fieldlabel>original_answer_ids</fieldlabel>
              <fieldentry></fieldentry>
            </qtimetadatafield>
            <qtimetadatafield>
              <fieldlabel>assessment_question_identifierref</fieldlabel>
              <fieldentry>g639dc7831b17df120378b8fb1a72fa09</fieldentry>
            </qtimetadatafield>
          </qtimetadata>
        </itemmetadata>
        <presentation>
          <material>
            <mattext texttype="text/html">&lt;div&gt;&lt;p&gt;&lt;img src="$IMS-CC-FILEBASE$/Quiz%20Files/qti_import_5403659/image02968cc792a.gif" alt="" width="616" height="352" data-api-endpoint="https://dominicanu.instructure.com/api/v1/courses/2467808/files/369668085" data-api-returntype="File" loading="lazy"&gt;&lt;/p&gt;
&lt;p&gt;This histogram reveals two distinct patterns of XIST expression: a large group of cells that don’t express it at all, and another group that does, with varying amounts.&lt;/p&gt;
&lt;p&gt;&lt;br&gt;&lt;span style="font-size: 14pt;"&gt;&lt;strong&gt;Why do you think there’s this difference? What distinguishes these two groups of cells?&amp;nbsp; Express your best guess briefly in your own words..&lt;/strong&gt;&lt;/span&gt;&lt;br&gt;&lt;span style="font-size: 14pt;"&gt;&amp;nbsp;&lt;/span&gt;&lt;/p&gt;&lt;/div&gt;</mattext>
          </material>
          <response_str ident="response1" rcardinality="Single">
            <render_fib>
              <response_label ident="answer1" rshuffle="No"/>
            </render_fib>
          </response_str>
        </presentation>
        <resprocessing>
          <outcomes>
            <decvar maxvalue="100" minvalue="0" varname="SCORE" vartype="Decimal"/>
          </outcomes>
          <respcondition continue="No">
            <conditionvar>
              <other/>
            </conditionvar>
          </respcondition>
        </resprocessing>
      </item>
      <item ident="g8430404b9aa26ed8fe24dffa4424393e" title="sead_prelab_021">
        <itemmetadata>
          <qtimetadata>
            <qtimetadatafield>
              <fieldlabel>question_type</fieldlabel>
              <fieldentry>multiple_choice_question</fieldentry>
            </qtimetadatafield>
            <qtimetadatafield>
              <fieldlabel>points_possible</fieldlabel>
              <fieldentry>0.25</fieldentry>
            </qtimetadatafield>
            <qtimetadatafield>
              <fieldlabel>original_answer_ids</fieldlabel>
              <fieldentry>39663,37535,71332</fieldentry>
            </qtimetadatafield>
            <qtimetadatafield>
              <fieldlabel>assessment_question_identifierref</fieldlabel>
              <fieldentry>g4247026a69a35cd237f42e58503079a9</fieldentry>
            </qtimetadatafield>
          </qtimetadata>
        </itemmetadata>
        <presentation>
          <material>
            <mattext texttype="text/html">&lt;div&gt;&lt;p&gt;&amp;nbsp;&lt;/p&gt;
&lt;ol style="margin-top: 0in;" start="11" type="1"&gt;
&lt;li&gt;Find out more about a gene.&amp;nbsp; Click the (i) icon to find out more about XIST.&amp;nbsp; You’ll get a brief summary as well as a link to NCBI’s information about this gene.&lt;/li&gt;
&lt;/ol&gt;
&lt;p&gt;&lt;br&gt;&amp;nbsp;&lt;br&gt;&lt;img src="$IMS-CC-FILEBASE$/Quiz%20Files/qti_import_5403659/image03068cc792a.gif" alt="" width="589" height="169" data-api-endpoint="https://dominicanu.instructure.com/api/v1/courses/2467808/files/369668087" data-api-returntype="File" loading="lazy"&gt;&lt;br&gt;&lt;img src="$IMS-CC-FILEBASE$/Quiz%20Files/qti_import_5403659/image03168cc792a.gif" alt="" width="475" height="350" data-api-endpoint="https://dominicanu.instructure.com/api/v1/courses/2467808/files/369668089" data-api-returntype="File" loading="lazy"&gt;&lt;/p&gt;
&lt;p&gt;&amp;nbsp;&lt;/p&gt;
&lt;p&gt;&lt;br&gt;&amp;nbsp;&lt;br&gt;&lt;span style="font-size: 14pt;"&gt;&lt;strong&gt;From this description you might hypothesize that:&lt;/strong&gt;&lt;/span&gt;&lt;/p&gt;&lt;/div&gt;</mattext>
          </material>
          <response_lid ident="response1" rcardinality="Single">
            <render_choice>
              <response_label ident="39663">
                <material>
                  <mattext texttype="text/plain">XIST is a gene only expressed in females</mattext>
                </material>
              </response_label>
              <response_label ident="37535">
                <material>
                  <mattext texttype="text/plain">XIST is a gene only expressed in males</mattext>
                </material>
              </response_label>
              <response_label ident="71332">
                <material>
                  <mattext texttype="text/html">XIST is a gene of unknown function, so maybe it is the cause of AD&lt;br&gt;&amp;nbsp;</mattext>
                </material>
              </response_label>
            </render_choice>
          </response_lid>
        </presentation>
        <resprocessing>
          <outcomes>
            <decvar maxvalue="100" minvalue="0" varname="SCORE" vartype="Decimal"/>
          </outcomes>
          <respcondition continue="No">
            <conditionvar>
              <varequal respident="response1">39663</varequal>
            </conditionvar>
            <setvar action="Set" varname="SCORE">100</setvar>
          </respcondition>
        </resprocessing>
      </item>
      <item ident="g58dc5d93cd008b9cef6879fb0a8b23ac" title="sead_prelab_022">
        <itemmetadata>
          <qtimetadata>
            <qtimetadatafield>
              <fieldlabel>question_type</fieldlabel>
              <fieldentry>multiple_choice_question</fieldentry>
            </qtimetadatafield>
            <qtimetadatafield>
              <fieldlabel>points_possible</fieldlabel>
              <fieldentry>0.25</fieldentry>
            </qtimetadatafield>
            <qtimetadatafield>
              <fieldlabel>original_answer_ids</fieldlabel>
              <fieldentry>9610,98643,17573,81278</fieldentry>
            </qtimetadatafield>
            <qtimetadatafield>
              <fieldlabel>assessment_question_identifierref</fieldlabel>
              <fieldentry>g90b3fa58f023344ad343f5e8ca903922</fieldentry>
            </qtimetadatafield>
          </qtimetadata>
        </itemmetadata>
        <presentation>
          <material>
            <mattext texttype="text/html">&lt;div&gt;&lt;p&gt;What this tells us is that XIST is a gene responsible for silencing one of the two X chromosomes in genetic females. Ah-ha! This means XIST is expressed in female cells but not in male cells – which helps explain our histogram, where some cells show no XIST mRNA and others show quite a bit.&lt;/p&gt;
&lt;p&gt;Let’s dig in and see if that’s really the case!&lt;br&gt;&amp;nbsp;&lt;/p&gt;
&lt;ol style="margin-top: 0in;" start="12" type="1"&gt;
&lt;li&gt;Explore Differential Expression by Comparing Expression Maps Across Groups&lt;/li&gt;
&lt;/ol&gt;
&lt;p&gt;&lt;br&gt;To learn more about XIST expression, we’ll compare its levels in cells from female donors versus male donors. The Cell×Gene explorer isn’t the simplest tool for this, but don’t worry — we will work through it together.&lt;br&gt;&amp;nbsp;&lt;br&gt;First, roll down the selector for sex on the filer/mapping panel on the left:&lt;br&gt;&lt;img src="$IMS-CC-FILEBASE$/Quiz%20Files/qti_import_5403659/image03268cc792a.gif" alt="" width="541" height="150" data-api-endpoint="https://dominicanu.instructure.com/api/v1/courses/2467808/files/369668091" data-api-returntype="File" loading="lazy"&gt;&lt;/p&gt;
&lt;p&gt;&lt;br&gt;Right away, the Cell×Gene explorer is showing you the XIST expression broken down by sex. &lt;br&gt;&lt;img src="$IMS-CC-FILEBASE$/Quiz%20Files/qti_import_5403659/image03368cc792a.gif" alt="" width="617" height="412" data-api-endpoint="https://dominicanu.instructure.com/api/v1/courses/2467808/files/369668093" data-api-returntype="File" loading="lazy"&gt;&lt;/p&gt;
&lt;p&gt;&amp;nbsp;&lt;/p&gt;
&lt;p&gt;&lt;br&gt;&lt;span style="font-size: 14pt;"&gt;&lt;strong&gt;What can you tell from this?&lt;/strong&gt;&lt;/span&gt;&lt;/p&gt;&lt;/div&gt;</mattext>
          </material>
          <response_lid ident="response1" rcardinality="Single">
            <render_choice>
              <response_label ident="9610">
                <material>
                  <mattext texttype="text/plain">That cells from female donors are the ones expressing XIST, corresponding to the “bell curve” in the histogram of all cells.</mattext>
                </material>
              </response_label>
              <response_label ident="98643">
                <material>
                  <mattext texttype="text/plain">That cells from male donors do not express XIST, matching the large peak at zero in the histogram.</mattext>
                </material>
              </response_label>
              <response_label ident="17573">
                <material>
                  <mattext texttype="text/plain">That XIST expression is highly sex-dependent: cells from male donors show little to no expression, while female donor cells express XIST at varying levels.</mattext>
                </material>
              </response_label>
              <response_label ident="81278">
                <material>
                  <mattext texttype="text/plain">All of the above.</mattext>
                </material>
              </response_label>
            </render_choice>
          </response_lid>
        </presentation>
        <resprocessing>
          <outcomes>
            <decvar maxvalue="100" minvalue="0" varname="SCORE" vartype="Decimal"/>
          </outcomes>
          <respcondition continue="No">
            <conditionvar>
              <varequal respident="response1">81278</varequal>
            </conditionvar>
            <setvar action="Set" varname="SCORE">100</setvar>
          </respcondition>
        </resprocessing>
      </item>
      <item ident="g09f7a972bce9f2f1e5425741c08d21f9" title="sead_prelab_023">
        <itemmetadata>
          <qtimetadata>
            <qtimetadatafield>
              <fieldlabel>question_type</fieldlabel>
              <fieldentry>text_only_question</fieldentry>
            </qtimetadatafield>
            <qtimetadatafield>
              <fieldlabel>points_possible</fieldlabel>
              <fieldentry>0</fieldentry>
            </qtimetadatafield>
            <qtimetadatafield>
              <fieldlabel>original_answer_ids</fieldlabel>
              <fieldentry></fieldentry>
            </qtimetadatafield>
            <qtimetadatafield>
              <fieldlabel>passage</fieldlabel>
              <fieldentry>true</fieldentry>
            </qtimetadatafield>
            <qtimetadatafield>
              <fieldlabel>assessment_question_identifierref</fieldlabel>
              <fieldentry>gb22ac5a2cb3ce9cd6c9115e3f87c1aa1</fieldentry>
            </qtimetadatafield>
          </qtimetadata>
        </itemmetadata>
        <presentation>
          <material>
            <mattext texttype="text/html">&lt;div&gt;&lt;p&gt;&lt;img src="$IMS-CC-FILEBASE$/Quiz%20Files/qti_import_5403659/image03468cc792a.gif" alt="" width="621" height="415" data-api-endpoint="https://dominicanu.instructure.com/api/v1/courses/2467808/files/369668095" data-api-returntype="File" loading="lazy"&gt;&lt;/p&gt;
&lt;p&gt;&lt;br&gt;You can see that female cells display that nice bell-shaped curve of expression—most produce XIST mRNA, with some expressing a bit more or less. In contrast, male cells only show the tall bar at zero, indicating almost no XIST expression.&lt;/p&gt;
&lt;p&gt;&lt;br&gt;This is a qualitative difference in gene expression – if you picked a single cell and checked its XIST level, you’d have a pretty good idea whether it came from a biological female or male donor.&lt;/p&gt;
&lt;p&gt;&lt;br&gt;Wouldn’t it be great if we could find such clear-cut gene expression differences related to Alzheimer’s disease? Let’s find out as we continue the lab!&lt;br&gt;&amp;nbsp;&lt;/p&gt;&lt;/div&gt;</mattext>
          </material>
        </presentation>
      </item>
      <item ident="gf213dd068b8e21b2a23049163cb1e61e" title="sead_prelab_024">
        <itemmetadata>
          <qtimetadata>
            <qtimetadatafield>
              <fieldlabel>question_type</fieldlabel>
              <fieldentry>text_only_question</fieldentry>
            </qtimetadatafield>
            <qtimetadatafield>
              <fieldlabel>points_possible</fieldlabel>
              <fieldentry>0</fieldentry>
            </qtimetadatafield>
            <qtimetadatafield>
              <fieldlabel>original_answer_ids</fieldlabel>
              <fieldentry></fieldentry>
            </qtimetadatafield>
            <qtimetadatafield>
              <fieldlabel>passage</fieldlabel>
              <fieldentry>true</fieldentry>
            </qtimetadatafield>
            <qtimetadatafield>
              <fieldlabel>assessment_question_identifierref</fieldlabel>
              <fieldentry>g5d3d5b9a959e386409dd4ac165dfcedf</fieldentry>
            </qtimetadatafield>
          </qtimetadata>
        </itemmetadata>
        <presentation>
          <material>
            <mattext texttype="text/html">&lt;div&gt;&lt;ol style="margin-top: 0in;" start="13" type="1"&gt;
&lt;li&gt;Make an Image Demonstrating Differential Expression&lt;/li&gt;
&lt;/ol&gt;
&lt;p&gt;&lt;br&gt;To document our findings, we’re going to create a figure that visualizes the difference in XIST expression between cells from male and female donors.&lt;br&gt;Here’s the plan:&lt;/p&gt;
&lt;ol style="margin-top: 0in;" start="1" type="1"&gt;
&lt;li&gt;Filter the data to show female-only cells (the UMAP should take on a blueish hue indicating moderate XIST expression).&lt;br&gt;&lt;br&gt;&lt;/li&gt;
&lt;li&gt;After filtering, hover your mouse over female in the categories list to ensure it’s selected and not highlighting other groups.&lt;br&gt;&lt;br&gt;&lt;/li&gt;
&lt;li&gt;This view shows XIST mRNA expression in cells from female donors.&lt;br&gt;&lt;br&gt;&lt;/li&gt;
&lt;li&gt;You can capture this image by taking a screenshot—or better yet, use the SNAPSHOT tool within the explorer to save a high-quality image.&lt;/li&gt;
&lt;/ol&gt;
&lt;p&gt;&lt;br&gt;&lt;img src="$IMS-CC-FILEBASE$/Quiz%20Files/qti_import_5403659/image03568cc792a.gif" alt="" data-api-endpoint="https://dominicanu.instructure.com/api/v1/courses/2467808/files/369668097" data-api-returntype="File" loading="lazy"&gt;&lt;br&gt;&amp;nbsp;&lt;/p&gt;
&lt;ol style="margin-top: 0in;" start="4" type="1"&gt;
&lt;ol style="margin-top: 0in;" start="1" type="a"&gt;
&lt;li&gt;This will likely save to your Downloads folder or wherever you have set this on your computer/device&lt;/li&gt;
&lt;li&gt;Note that the file names that are saved with generic names: CELLxGENE_umap_emb.png&lt;/li&gt;
&lt;li&gt;Be sure to rename the saved files so you can identify which group is which!&lt;/li&gt;
&lt;/ol&gt;
&lt;li&gt;Now, switch the filter to show male-only cells (the UMAP should turn bright green, indicating low XIST expression!). Again, hover your mouse over male in the category list to ensure no other groups are highlighted. Then, take a snapshot of this view.&lt;/li&gt;
&lt;li&gt;Next, bring your two images together – one for females and one for males – and label them clearly. You can use PowerPoint, Google Slides, or any other tool you prefer.&lt;/li&gt;
&lt;li&gt;Add a scale bar to your figure: Since the Cell×Gene explorer’s snapshot doesn’t include a scale bar (which isn’t ideal for scientific figures), be sure to also take a screenshot of the scale separately and include it in your combined image.&lt;/li&gt;
&lt;/ol&gt;
&lt;p&gt;&lt;br&gt;Your overall image should end up looking like this:&lt;br&gt;&lt;img src="$IMS-CC-FILEBASE$/Quiz%20Files/qti_import_5403659/image03668cc792a.gif" alt="" width="650" height="357" data-api-endpoint="https://dominicanu.instructure.com/api/v1/courses/2467808/files/369668099" data-api-returntype="File" loading="lazy"&gt;&lt;br&gt;&amp;nbsp;&lt;br&gt;&lt;strong&gt;Save this figure in a PowerPoint, Google Sheet, or your choice of software that you can share with the capacity for multiple figures.&amp;nbsp; You’ll upload this file at part of your submission for this pre-lab.&lt;/strong&gt;&lt;br&gt;&amp;nbsp;&lt;br&gt;&amp;nbsp;&lt;/p&gt;&lt;/div&gt;</mattext>
          </material>
        </presentation>
      </item>
      <item ident="g5d04b5ae2e1e403f95f21faf7b1e6a89" title="sead_prelab_025">
        <itemmetadata>
          <qtimetadata>
            <qtimetadatafield>
              <fieldlabel>question_type</fieldlabel>
              <fieldentry>multiple_choice_question</fieldentry>
            </qtimetadatafield>
            <qtimetadatafield>
              <fieldlabel>points_possible</fieldlabel>
              <fieldentry>0.25</fieldentry>
            </qtimetadatafield>
            <qtimetadatafield>
              <fieldlabel>original_answer_ids</fieldlabel>
              <fieldentry>44477,37166,59333</fieldentry>
            </qtimetadatafield>
            <qtimetadatafield>
              <fieldlabel>assessment_question_identifierref</fieldlabel>
              <fieldentry>g18c7657148b933b6336c77770126a0e1</fieldentry>
            </qtimetadatafield>
          </qtimetadata>
        </itemmetadata>
        <presentation>
          <material>
            <mattext texttype="text/html">&lt;div&gt;&lt;p&gt;&lt;img src="$IMS-CC-FILEBASE$/Quiz%20Files/qti_import_5403659/image03768cc792a.gif" alt="" data-api-endpoint="https://dominicanu.instructure.com/api/v1/courses/2467808/files/369668101" data-api-returntype="File" loading="lazy"&gt;&lt;br&gt;You just made a figure like the one above.&amp;nbsp;&lt;/p&gt;
&lt;p&gt;&lt;br&gt;&lt;span style="font-size: 14pt;"&gt;&lt;strong&gt;What can you conclude from this (your figure)?&lt;/strong&gt;&lt;/span&gt;&lt;/p&gt;&lt;/div&gt;</mattext>
          </material>
          <response_lid ident="response1" rcardinality="Single">
            <render_choice>
              <response_label ident="44477">
                <material>
                  <mattext texttype="text/plain">That there is a qualitative difference in XIST mRNA in cells from the brains of males and females – cells from females make XIST mRNA (to varying extents), male cells largely do not (without much variability).</mattext>
                </material>
              </response_label>
              <response_label ident="37166">
                <material>
                  <mattext texttype="text/plain">That the differential expression of XIST seems consistent across all the cell types measured in the Middle Temporal Gyrus – it is the same pattern in the glutamate clusters, the GABA cluster, etc. etc.</mattext>
                </material>
              </response_label>
              <response_label ident="59333">
                <material>
                  <mattext texttype="text/html">All of the above&lt;br&gt;&amp;nbsp;&lt;br&gt;&amp;nbsp;</mattext>
                </material>
              </response_label>
            </render_choice>
          </response_lid>
        </presentation>
        <resprocessing>
          <outcomes>
            <decvar maxvalue="100" minvalue="0" varname="SCORE" vartype="Decimal"/>
          </outcomes>
          <respcondition continue="No">
            <conditionvar>
              <varequal respident="response1">59333</varequal>
            </conditionvar>
            <setvar action="Set" varname="SCORE">100</setvar>
          </respcondition>
        </resprocessing>
      </item>
      <item ident="ge50d2f7b205d1f3059fefc1a62e6fb2e" title="sead_prelab_026">
        <itemmetadata>
          <qtimetadata>
            <qtimetadatafield>
              <fieldlabel>question_type</fieldlabel>
              <fieldentry>essay_question</fieldentry>
            </qtimetadatafield>
            <qtimetadatafield>
              <fieldlabel>points_possible</fieldlabel>
              <fieldentry>1.0</fieldentry>
            </qtimetadatafield>
            <qtimetadatafield>
              <fieldlabel>original_answer_ids</fieldlabel>
              <fieldentry></fieldentry>
            </qtimetadatafield>
            <qtimetadatafield>
              <fieldlabel>assessment_question_identifierref</fieldlabel>
              <fieldentry>gf373029c8d351fa5732591fb2988e5fd</fieldentry>
            </qtimetadatafield>
          </qtimetadata>
        </itemmetadata>
        <presentation>
          <material>
            <mattext texttype="text/html">&lt;div&gt;&lt;p&gt;Nice work! You’ve gotten hands-on experience using the Cell×Gene explorer to dive into the SEA-AD database. Below are a few challenges to test your skills in navigating and interpreting this rich dataset.&lt;/p&gt;
&lt;p&gt;&amp;nbsp;&lt;/p&gt;
&lt;h1&gt;&lt;a name="_heading=h.pjzzkasgzmns"&gt;&lt;/a&gt;Try On Your Own&lt;/h1&gt;
&lt;p&gt;&lt;br&gt;Now that you have a good handle on the tool, explore the expression of ZNF536. Examine ZNF536 expression across different cell types by expanding the cell_type category and inspecting the histogram breakdowns. Try checking and unchecking various cell types.&lt;br&gt;Think about the following questions as you are checking/unchecking various cell types:&lt;br&gt;●&amp;nbsp;&amp;nbsp;&amp;nbsp;&amp;nbsp;&amp;nbsp;&amp;nbsp; Are there some cell types that express ZNF536 strongly?&lt;br&gt;●&amp;nbsp;&amp;nbsp;&amp;nbsp;&amp;nbsp;&amp;nbsp;&amp;nbsp; Are there others with little or no expression?&lt;br&gt;●&amp;nbsp;&amp;nbsp;&amp;nbsp;&amp;nbsp;&amp;nbsp;&amp;nbsp; Can you identify any patterns that explain which cell types express this gene?&lt;br&gt;&amp;nbsp;&lt;br&gt;&lt;span style="font-size: 14pt;"&gt;&lt;strong&gt;Create a figure comparing expression between two cell types: one with high ZNF536 expression and one with low or no expression. Combine your images into a single, well-labeled slide.&amp;nbsp; This can be in the same file for the XIST figure you made.&amp;nbsp; You’ll upload the entire file when you have completed the lab.&lt;/strong&gt;&lt;/span&gt;&lt;br&gt;&lt;span style="font-size: 14pt;"&gt;&amp;nbsp;&lt;/span&gt;&lt;br&gt;&lt;span style="font-size: 14pt;"&gt;&lt;strong&gt;Now: Describe what you can conclude from this figure in a few sentences.&lt;/strong&gt;&lt;/span&gt;&lt;br&gt;&lt;strong&gt;&amp;nbsp;&lt;/strong&gt;&lt;br&gt;&amp;nbsp;&lt;/p&gt;&lt;/div&gt;</mattext>
          </material>
          <response_str ident="response1" rcardinality="Single">
            <render_fib>
              <response_label ident="answer1" rshuffle="No"/>
            </render_fib>
          </response_str>
        </presentation>
        <resprocessing>
          <outcomes>
            <decvar maxvalue="100" minvalue="0" varname="SCORE" vartype="Decimal"/>
          </outcomes>
          <respcondition continue="No">
            <conditionvar>
              <other/>
            </conditionvar>
          </respcondition>
        </resprocessing>
      </item>
      <item ident="g089ae492e2898ce8f9fabe3d5eeacf9c" title="sead_prelab_027">
        <itemmetadata>
          <qtimetadata>
            <qtimetadatafield>
              <fieldlabel>question_type</fieldlabel>
              <fieldentry>file_upload_question</fieldentry>
            </qtimetadatafield>
            <qtimetadatafield>
              <fieldlabel>points_possible</fieldlabel>
              <fieldentry>4.5</fieldentry>
            </qtimetadatafield>
            <qtimetadatafield>
              <fieldlabel>original_answer_ids</fieldlabel>
              <fieldentry></fieldentry>
            </qtimetadatafield>
            <qtimetadatafield>
              <fieldlabel>assessment_question_identifierref</fieldlabel>
              <fieldentry>gcf6e1e72a69491c73dba9218dc2f9d5c</fieldentry>
            </qtimetadatafield>
          </qtimetadata>
        </itemmetadata>
        <presentation>
          <material>
            <mattext texttype="text/html">&lt;div&gt;&lt;p&gt;&lt;strong&gt;You’ve completed the pre-lab – great job! &lt;/strong&gt;&lt;br&gt;&amp;nbsp;&lt;br&gt;&lt;span style="font-size: 14pt;"&gt;&lt;strong&gt;Use the upload button below to upload the Google Sheet or Powerpoint you made.&amp;nbsp; It should have two slides: a) a figure showing XIST expression for males and females and b) a figure you made on your own showing ZNF536 expression compared between two cell types.&lt;/strong&gt;&lt;/span&gt;&lt;br&gt;&amp;nbsp;&lt;br&gt;Below are some extra resources that might be helpful. See you in lab!&lt;/p&gt;
&lt;h1&gt;&lt;a name="_heading=h.w5lmtji5gmbm"&gt;&lt;/a&gt;More Resources&lt;/h1&gt;
&lt;p&gt;&lt;br&gt;●&amp;nbsp;&amp;nbsp;&amp;nbsp;&amp;nbsp;&amp;nbsp;&amp;nbsp; Feeling a bit shaky about Cell×Gene explorer?&amp;nbsp; There is an even more extensive tutorial available here: &lt;a href="https://cellxgene.cziscience.com/docs/04__Analyze%20Public%20Data/4_1__Hosted%20Tutorials" target="_blank"&gt;&lt;span style="font-size: 12.0pt; line-height: 115%; font-family: 'Calibri',sans-serif; color: windowtext;"&gt;https://cellxgene.cziscience.com/docs/04__Analyze%20Public%20Data/4_1__Hosted%20Tutorials&lt;/span&gt;&lt;/a&gt;&lt;br&gt;&lt;a href="https://cellxgene.cziscience.com/docs/04__Analyze%20Public%20Data/4_1__Hosted%20Tutorials" target="_blank"&gt;&lt;/a&gt;&lt;br&gt;●&amp;nbsp;&amp;nbsp;&amp;nbsp;&amp;nbsp;&amp;nbsp;&amp;nbsp; Want to read the paper by Gabitto et al. (2024) describing the SEA-AD project?&amp;nbsp; It is an open-access article (hooray!) available here: &lt;a href="https://www.nature.com/articles/s41593-024-01774-5" target="_blank"&gt;&lt;span style="font-size: 12.0pt; line-height: 115%; font-family: 'Calibri',sans-serif; color: windowtext;"&gt;https://www.nature.com/articles/s41593-024-01774-5&lt;/span&gt;&lt;/a&gt;&lt;br&gt;&lt;a href="https://www.nature.com/articles/s41593-024-01774-5" target="_blank"&gt;&lt;/a&gt;&lt;br&gt;●&amp;nbsp;&amp;nbsp;&amp;nbsp;&amp;nbsp;&amp;nbsp;&amp;nbsp; Here is a video from the Allen Institute on the SEA-AD project: &lt;a href="https://www.youtube.com/watch?v=lcS3o1N22Bc&amp;amp;t=2s" target="_blank"&gt;&lt;span style="font-size: 12.0pt; line-height: 115%; font-family: 'Calibri',sans-serif; color: windowtext;"&gt;https://www.youtube.com/watch?v=lcS3o1N22Bc&amp;amp;t=2s&lt;/span&gt;&lt;/a&gt;&lt;a name="_heading=h.b8ef5rwc32be"&gt;&lt;/a&gt;&lt;a name="_heading=h.dyjamya30p0p"&gt;&lt;/a&gt;&lt;br&gt;●&amp;nbsp;&amp;nbsp;&amp;nbsp;&amp;nbsp;&amp;nbsp;&amp;nbsp;&lt;/p&gt;&lt;/div&gt;</mattext>
          </material>
        </presentation>
        <resprocessing>
          <outcomes>
            <decvar maxvalue="100" minvalue="0" varname="SCORE" vartype="Decimal"/>
          </outcomes>
        </resprocessing>
      </item>
    </section>
  </assessment>
</questestinterop>
